date,origin_date,actual_close,predicted_close,actual_return,predicted_return,origin_return_1d,entry_threshold,exit_threshold,signal,position,velocity,acceleration,jerk,opposite_velocity,strategy_return,benchmark_equity,strategy_equity,residual
2020-07-31,2020-07-30,3271.12,3246.6737013638913,0.007641191392371738,0.0001397532088149787,-0.0037573107206831935,0.0,0.0,ENTER,1.0,-0.2650325196169636,-1.1358761420683579,-2.466517896172601,0.2650325196169636,0.007441191392371738,1.007670459796317,1.0074689458564237,0.007501438183556759
2020-08-03,2020-07-31,3294.61,3266.4298072645615,0.007155365883905418,-0.0014348475127186526,0.007641191392371738,0.0,0.0,EXIT,0.0,0.5402390995589781,0.8052716191759417,1.9411477612442996,-0.5402390995589781,-0.0002,1.0149065682547702,1.007267472215288,0.00859021339662407
2020-08-12,2020-08-11,3380.35,3338.2665236572193,0.013899455827980134,0.0013718687640580977,-0.00800104654322098,0.0,0.0,ENTER,1.0,-0.5953264389422019,-0.8001596544590894,-0.9578282810940149,0.5953264389422019,0.013699455827980133,1.041318826204017,1.0211614410688465,0.012527587063922036
2020-08-13,2020-08-12,3373.43,3365.3619278345636,-0.0020492235227109745,-0.004443740553904413,0.013899455827980134,0.0,0.0,EXIT,0.0,1.069238462483861,1.6645649014260628,2.4647245558851525,-1.069238462483861,-0.0002,1.0391871160919477,1.0209572292025002,0.002394517031193438
2020-09-01,2020-08-31,3526.65,3503.468198004764,0.0074968758512330425,0.0009018555783854429,-0.00219738913128964,0.0,0.0,ENTER,1.0,-0.18126245678565076,-0.7175499840020982,-1.120270731334426,0.18126245678565076,0.007296875851233043,1.0863866281398058,1.028434273710299,0.0065950202728476
2020-09-02,2020-09-01,3580.84,3509.155794074894,0.01524899790823575,-0.004972917812011697,0.0074968758512330425,0.0,0.0,EXIT,0.0,0.6210635116457706,0.8023259684314213,1.5198759524335195,-0.6210635116457706,-0.0002,1.1030798898411074,1.0282286074228713,0.02022191572024745
2020-09-04,2020-09-03,3426.96,3475.845719868285,-0.008166252396865303,0.005997998825531176,-0.035757586556313115,0.0,0.0,ENTER,1.0,-2.741282494214912,-3.9976088707550943,-4.6328717356495055,2.741282494214912,-0.008366252396865304,1.0556770644010582,1.0196620722365037,-0.014164251222396479
2020-09-08,2020-09-04,3331.84,3396.107254400945,-0.028148866864059485,-0.009043720289625506,-0.008166252396865303,0.0,0.0,EXIT,0.0,-0.7947894989342409,1.9464929952806713,5.944101866035766,0.7947894989342409,-0.0002,1.0263752918779376,1.0194581602139383,-0.01910514657443398
2020-09-18,2020-09-17,3319.47,3358.3725806520483,-0.011245565213034325,0.00040580879924045254,-0.008447955322131051,0.0,0.0,ENTER,1.0,-0.747807712077733,-0.33565551406290484,0.5403162598779604,0.747807712077733,-0.011445565213034326,1.0225647060273186,1.0078564063277293,-0.011651374012274777
2020-09-21,2020-09-18,3281.06,3314.943720481549,-0.011638590711243069,-0.0013644853671809613,-0.011245565213034325,0.0,0.0,EXIT,0.0,-1.03751191379108,-0.289704201713347,0.04595131234955785,1.03751191379108,-0.0002,1.01073248270296,1.0076548552022482,-0.010274105344062107
2020-09-22,2020-09-21,3315.57,3288.570188073815,0.010463013638869256,0.002286336104266517,-0.011638590711243069,0.0,0.0,ENTER,1.0,-1.0682607934854582,-0.03074887969437823,0.25895532201896876,1.0682607934854582,0.010263013638869256,1.021363308709824,1.0180496806019446,0.008176677534602739
2020-09-23,2020-09-22,3236.92,3309.3448478198948,-0.02400729416109293,-0.0018793159324408605,0.010463013638869256,0.0,0.0,EXIT,0.0,1.0031515874219985,2.0714123809074567,2.102161260601835,-1.0031515874219985,-0.0002,0.997135129473665,1.0178460910254605,-0.02212797822865207
2020-09-24,2020-09-23,3246.59,3240.747857200266,0.002982954347357847,0.0011818628957870369,-0.02400729416109293,0.0,0.0,ENTER,1.0,-2.222819538298113,-3.2259711257201116,-5.297383506627568,2.222819538298113,0.0027829543473578467,1.0001139787198656,1.0206826554132915,0.00180109145157081
2020-09-28,2020-09-25,3351.6,3287.524797676339,0.01598215087400412,-0.0033207523881374316,0.015850478138508706,0.0,0.0,EXIT,0.0,1.4671581428055476,1.1867919472354604,-1.3163937866327398,-1.4671581428055476,-0.0002,1.032462371619915,1.0367824833814363,0.01930290326214155
2020-10-02,2020-10-01,3348.44,3382.2613042610105,-0.00961780214318253,0.00043214284715444425,0.00527893512152211,0.0,0.0,ENTER,1.0,0.4918141834534131,-0.27245037772692327,-1.482423306177922,-0.4918141834534131,-0.00981780214318253,1.0314889317421494,1.02665336230876,-0.010049944990336974
2020-10-06,2020-10-05,3360.95,3408.133412708246,-0.014086778930183286,-0.0001456959153684967,0.017815885301178724,0.0,0.0,EXIT,0.0,1.6287464125144206,2.520298473358932,3.9036647176568566,-1.6287464125144206,-0.0002,1.0353426446759617,1.0448990049280864,-0.013941083014814788
2020-10-07,2020-10-06,3419.45,3366.3085128653825,0.017256047320879375,0.001593075095422856,-0.014086778930183286,0.0,0.0,ENTER,1.0,-1.2770041703433916,-2.905750582857812,-5.426049056216744,1.2770041703433916,0.017056047320879376,1.0533636044383932,1.0628737047191117,0.01566297222545652
2020-10-08,2020-10-07,3446.83,3412.227495582071,0.007975248642445365,-0.002114416880316475,0.017256047320879375,0.0,0.0,EXIT,0.0,1.5522599866483875,2.829264156991779,5.735014739849591,-1.5522599866483875,-0.0002,1.0617980297084006,1.062661151234225,0.01008966552276184
2020-10-27,2020-10-26,3390.68,3414.2102097267607,-0.003030193803752468,0.0038855102805226164,-0.018764495369547163,-0.001147960074310827,-0.00272950439608498,ENTER,1.0,-1.6318486620331403,-1.9377274105773208,-1.7812648355471516,1.6318486620331403,-0.003230193803752468,1.0445009888424086,1.0592340877874498,-0.006915704084275084
2020-10-30,2020-10-29,3269.96,3282.3838318416233,-0.012203669046733978,-0.008411485043869403,0.011876501443804699,-0.0011458842070428243,-0.0024313538698673416,EXIT,0.0,0.9530751805853197,3.852154330634487,6.487196447881709,-0.9530751805853197,-0.0002,1.0073131211070119,1.033857568445208,-0.0037921840028645754
2020-11-10,2020-11-09,3545.53,3546.397684436637,-0.0014007834839127042,-0.001156087125017287,0.011631958050303481,-0.001258061972611298,-0.0030147758639741517,ENTER,1.0,0.8761029393838654,0.8978995247038993,2.379141441791962,-0.8761029393838654,-0.0016007834839127043,1.0922026233588604,1.0322039102524103,-0.00024469635889541727
2020-11-12,2020-11-11,3537.01,3556.064337164716,-0.01002867890894521,-0.00465600632903269,0.007622761226929953,-0.001197766773450021,-0.002968430954638642,EXIT,0.0,0.5728881847295813,0.6783862306172389,1.659987215888762,-0.5728881847295813,-0.0002,1.089578032296025,1.0398942197717498,-0.00537267257991252
2020-11-13,2020-11-12,3585.15,3540.122942606983,0.013518576706374574,0.0008797186185386856,-0.01002867890894521,-0.0012707061582073072,-0.0030106471942209063,ENTER,1.0,-0.7504644785830896,-1.3233526633126709,-2.0017388939299097,0.7504644785830896,0.013318576706374574,1.1044075879022373,1.053836772081744,0.012638858087835889
2020-11-16,2020-11-13,3626.91,3564.866423796573,0.011580731916657427,-0.005673729796935314,0.013518576706374574,-0.0011556422703197218,-0.002981746505948186,EXIT,0.0,1.0042692422087611,1.7547337207918507,3.0780863841045214,-1.0042692422087611,-0.0002,1.1172717807172663,1.0536260258026582,0.017254461713592743
2020-12-01,2020-11-30,3662.45,3618.618066043379,0.011208121636018475,-0.000831997495911896,-0.004606081438497611,-0.001415869376975831,-0.0032464481401494865,ENTER,1.0,-0.3623483158213846,-0.5391026073187714,-0.8317704224112172,0.3623483158213846,0.011008121636018475,1.1282198988361853,1.065288542685259,0.012040119131930371
2020-12-07,2020-12-04,3691.96,3686.227484978741,-0.0019374711787083498,-0.0034913802346718346,0.00879742404541517,-0.0014285214674710453,-0.003112921868639669,EXIT,0.0,0.7540420039506327,0.8065320894678335,1.006514711886007,-0.7540420039506327,-0.0002,1.1373104718719003,1.0757394931792759,0.0015539090559634847
2020-12-10,2020-12-09,3668.1,3673.0888416965386,-0.001285942538656215,7.319494495555966e-05,-0.007980983560702981,-0.0014680235951422698,-0.003111542499919175,ENTER,1.0,-0.6856118527732724,-0.9258129130920161,-1.3319560453975137,0.6856118527732724,-0.0014859425386562152,1.1299603846935826,1.0741421931477868,-0.0013591374836117748
2020-12-16,2020-12-15,3701.17,3680.675455896497,0.0017712784469292586,-0.0037814242976892745,0.012838447626448257,-0.0013786206723626678,-0.00303541921274038,EXIT,0.0,1.124484845208281,1.5057133434263328,1.777391919222782,-1.124484845208281,-0.0002,1.1401476178447545,1.0816917749154609,0.005552702744618533
2020-12-21,2020-12-18,3694.92,3704.361025151396,-0.003913931036978013,-0.0013620532956957693,-0.003517278505022148,-0.0014127063543520272,-0.0030312905429871347,ENTER,1.0,-0.3232955955676315,-0.8522526361940415,-1.225324544565303,0.3232955955676315,-0.004113931036978013,1.1382223016308213,1.0772509105183854,-0.002551877741282244
2020-12-28,2020-12-24,3735.36,3692.0823386691245,0.00868469460336918,-0.0029688865721563176,0.0035303368029282467,-0.0013933786408334371,-0.0029557854251310114,EXIT,0.0,0.3348066826331823,0.26431538341223915,-0.0017896691407025545,-0.3348066826331823,-0.0002,1.1506798676614651,1.0794082176420718,0.011653581175525498
2020-12-30,2020-12-29,3732.04,3730.4188871623896,0.0013406481091209344,0.000906176606463832,-0.0022298465500121267,-0.0014097504436886915,-0.0029606111862643635,ENTER,1.0,-0.21271718514568072,-1.0340704992613612,-1.5206171307438594,0.21271718514568072,0.0011406481091209343,1.1496571396886222,1.080640145048759,0.0004344715026571023
2021-01-08,2021-01-07,3824.68,3791.7317144805643,0.005476865536104825,-0.00317510662281794,0.014738221178340893,-0.0013632693314383653,-0.0028557542698138642,EXIT,0.0,1.4702304367201766,0.9043557540951496,1.0377847161871672,-1.4702304367201766,-0.0002,1.1781949467380521,1.1011956339976634,0.008651972158922765
2021-01-11,2021-01-08,3799.61,3822.2667333058853,-0.0065763737616642,-0.0006311713310934093,0.005476865536104825,-0.0013641205564581826,-0.002930983893005285,ENTER,1.0,0.5482636909566976,-0.921966745763479,-1.8263224998586285,-0.5482636909566976,-0.0067763737616642,1.1704721183407163,1.0937587468185532,-0.005945202430570791
2021-01-29,2021-01-28,3714.24,3754.145258901121,-0.01950040596712732,-0.00881385531663783,0.009713334927598183,-0.001023172210351332,-0.002693811769505546,EXIT,0.0,1.113303514811185,4.045037030888294,6.794158657444504,-1.113303514811185,-0.0002,1.1441738391113359,1.0900201834844163,-0.010686550650489492
2021-02-01,2021-01-29,3773.86,3718.440086017111,0.01592426914071865,0.001130167426974062,-0.01950040596712732,-0.001064011902224571,-0.002741627347413266,ENTER,1.0,-2.148534241958299,-3.261837756769484,-7.306874787657778,2.148534241958299,0.01572426914071865,1.162539815539305,1.107295418496586,0.014794101713744588
2021-02-02,2021-02-01,3826.31,3762.179847893265,0.01380254196564934,-0.003099814145152735,0.01592426914071865,-0.0009881667601742711,-0.002720581239440122,EXIT,0.0,1.7638229718628624,3.9123572138211613,7.174194970590645,-1.7638229718628624,-0.0002,1.1786970692066474,1.1070739815573185,0.016902356110802076
2021-02-05,2021-02-04,3886.83,3876.912445296203,0.0038898969855534204,0.0013350569278956373,0.01079482976893864,-0.0011010718867302603,-0.0027707224306011526,ENTER,1.0,1.2610119576313115,1.1420906617401465,2.5943501267845557,-1.2610119576313115,0.0036898969855534204,1.1973402911694218,1.1111665163771625,0.002554840057657783
2021-03-02,2021-03-01,3870.29,3883.4242633258286,-0.008113671312553805,-0.004725804429069466,0.02351213008199693,-0.0008061536447371308,-0.002358668423824371,EXIT,0.0,2.6516058986679156,3.213601028170787,0.8498275950950216,-2.6516058986679156,-0.0002,1.192245134340864,1.1152287878011158,-0.0033878668834843393
2021-03-03,2021-03-02,3819.72,3875.6857581988675,-0.013152318131986362,0.0013931773710741638,-0.008113671312553805,-0.0008140636948484811,-0.0024190640911353153,ENTER,1.0,-0.9070566648884386,-3.5586625635563545,-6.772263591727142,0.9070566648884386,-0.013352318131986363,1.176667015790674,1.1004368711879906,-0.014545495503060526
2021-04-22,2021-04-21,4134.98,4161.70884245021,-0.009253351856793657,-0.0028100741998349915,0.009263025469113728,-3.6195919005231596e-05,-0.001955107413840625,EXIT,0.0,0.9378997462987497,1.6325372986597837,1.7834503917546043,-0.9378997462987497,-0.0002,1.2737830461274968,1.2020951330855607,-0.006443277656958665
2021-04-28,2021-04-27,4183.18,4186.8614376138175,-0.0008458882928294997,3.378186857901566e-05,-0.00021494231270047237,-8.557573387300563e-05,-0.0019765744343251956,ENTER,1.0,-0.0241486990433814,-0.2151981569977024,0.7527968473035109,0.0241486990433814,-0.0010458882928294998,1.2886310847693632,1.200838533105151,-0.0008796701614085154
2021-05-14,2021-05-13,4173.85,4094.556497157269,0.014807755166462044,-0.0043727081542036935,0.012099654192200049,0.00011564488838610942,-0.0018563236056577327,EXIT,0.0,1.27717241435072,3.594555646640197,4.932209558816578,-1.27717241435072,-0.0002,1.285756972725202,1.1803127946834313,0.01918046332066574
2021-05-18,2021-05-17,4127.83,4177.594680497575,-0.008553781927838955,0.0034300185340289213,-0.002533244169402593,0.00011216347537437874,-0.0018925332081354029,ENTER,1.0,-0.2632266806343465,-1.8025062336677586,-2.0646133723504505,0.2632266806343465,-0.008753781927838955,1.2715804843787548,1.1700256851195963,-0.011983800461867877
2021-07-21,2021-07-20,4358.69,4316.482438729733,0.00820806865888457,-0.001522664559554543,0.015048847488143835,0.000980401055762048,-0.0013409690839205886,EXIT,0.0,2.0883379744252224,4.346862255896593,5.503379032921949,-2.0883379744252224,-0.0002,1.3426970445625992,1.2251182149508426,0.009730733218439114
2021-07-23,2021-07-22,4411.79,4376.575822394625,0.010094319060165446,0.002080459196549418,0.002014630238242887,0.000977331167818193,-0.0013468602197795573,ENTER,1.0,0.2769947832346629,-0.8517184293173483,0.1079063325558629,-0.2769947832346629,0.009894319060165446,1.3590545311161901,1.237300091762789,0.008013859863616028
2021-11-30,2021-11-29,4567.0,4634.853990419006,-0.019143376992335703,-0.004395214201286231,0.01311385739268367,0.00161257690163082,-0.0005169230904943763,EXIT,0.0,1.7006905299647312,4.750770889765481,8.133345943052959,-1.7006905299647312,-0.0002,1.4068670638465677,1.3053237167164724,-0.014748162791049471
2021-12-01,2021-11-30,4513.04,4576.052000912979,-0.011885550113429844,0.001980083645945169,-0.019143376992335703,0.0016034760587337704,-0.0005245613577894913,ENTER,1.0,-2.359228938048024,-4.0599194680127555,-8.810690357778237,2.359228938048024,-0.012085550113429844,1.3902446537819386,1.2896431067818086,-0.013865633759375013
2021-12-03,2021-12-02,4538.43,4554.893171629556,-0.008484472537633181,-0.004863532358451443,0.014094625715696196,0.0016112767812169564,-0.0005164772022722965,EXIT,0.0,1.6687779199599664,3.109559054419137,2.191111250830284,-1.6687779199599664,-0.0002,1.3980660583694284,1.3076872832961464,-0.0036209401791817376
2021-12-10,2021-12-09,4712.02,4684.269347639095,0.009503806818878857,0.0035970638444394135,-0.007207038387209153,0.0015550904850371782,-0.0005319984937934764,ENTER,1.0,-0.8089695327567374,-1.154977718074273,0.7915319415469704,0.8089695327567374,0.009303806818878857,1.4515405610217424,1.3199105263343662,0.005906742974439444
2021-12-16,2021-12-15,4668.67,4706.610494811702,-0.008781825842753221,-0.000688051591760113,0.016216212899903937,0.0016073764199753633,-0.0005151395376060574,EXIT,0.0,1.8127375266924344,2.6714613140170256,2.5077171338920783,-1.8127375266924344,-0.0002,1.43818656776189,1.3190388412317327,-0.008093774250993108
2021-12-17,2021-12-16,4620.64,4682.050033342732,-0.010341010906644854,0.002861820785332826,-0.008781825842753221,0.0015982755770783137,-0.000521856944697133,ENTER,1.0,-0.9786201033768162,-2.7913576300692506,-5.462818944086276,0.9786201033768162,-0.010541010906644855,1.423390897721043,1.3052078627340706,-0.01320283169197768
2021-12-23,2021-12-22,4725.79,4694.197168920868,0.0062044168953239165,-0.00050322483831557,0.01012871135227833,0.0016295579982392142,-0.0004890352367689485,EXIT,0.0,1.1243769282482667,-0.7579856303454844,-3.8981944588617092,-1.1243769282482667,-0.0002,1.455782417704285,1.326387938680775,0.006707641733639486
2021-12-28,2021-12-27,4786.35,4800.726364310041,-0.00101069803143794,0.0019884175570174627,0.013744072068897495,0.0016203875655175254,-0.0005039258312003311,ENTER,1.0,1.527460962747198,0.8404299793355794,1.2777759241722275,-1.527460962747198,-0.00121069803143794,1.4744379616908299,1.324783055125207,-0.0029991155884554026
2022-01-31,2022-01-28,4515.55,4427.457727027971,0.01870989151139746,-0.0009915612973913901,0.024055891707797983,0.0017710020753870532,-0.0001769624159838522,EXIT,0.0,2.341366912395067,2.8942020233023036,3.2935054346407613,-2.341366912395067,-0.0002,1.391017860773455,1.2264179703358595,0.01970145280878885
2022-02-03,2022-02-02,4477.44,4600.955339954703,-0.02469348416817496,0.002519025834740383,0.009378434574516703,0.0017150665224236153,-0.0002289892913732315,ENTER,1.0,0.8825023679805012,0.2350614500557423,1.363061609086528,-0.8825023679805012,-0.02489348416817496,1.3792780526273647,1.1962650171356721,-0.027212510002915344
2022-02-09,2022-02-08,4587.18,4520.207344180614,0.014412812398356678,-0.0002947783826085609,0.00836613096277894,0.001748460540435368,-0.00019628999369120377,EXIT,0.0,0.752244650615111,1.0875057935506365,1.8861960353598217,-0.752244650615111,-0.0002,1.4130835248381213,1.2078058983987507,0.014707590780965238
2022-02-11,2022-02-10,4418.64,4534.096171830731,-0.019151696234066762,0.006642110446515593,-0.018281803510330263,0.0017097954337643689,-0.00022712500362010886,ENTER,1.0,-1.5925042353623433,-2.8743098595406495,-3.403870833103845,1.5925042353623433,-0.01935169623406676,1.3611646776866628,1.1846575082458006,-0.025793806680582357
2022-02-16,2022-02-15,4475.01,4466.781721199915,0.0008808327792149129,-0.0009595771473727148,0.01564373921237383,0.0017754637758220205,-0.00020507525628545432,EXIT,0.0,1.3149296589795973,1.6434545064724313,0.33632080994832414,-1.3149296589795973,-0.0002,1.3785294896833862,1.1984745111595765,0.0018404099265876277
2022-02-18,2022-02-17,4348.87,4415.150303895046,-0.007192042117619479,0.007933794036610008,-0.021400503004024074,0.0017715597879414242,-0.0002131428454716881,ENTER,1.0,-1.7556843004459994,-1.8297109065662263,-0.5888078537068557,1.7556843004459994,-0.007392042117619479,1.3396719877272651,1.189648000258051,-0.015125836154229487
2022-02-28,2022-02-25,4373.94,4376.552950204419,-0.002445600339324727,-0.0018483882058034523,0.022126148364755238,0.0017869566713542748,-0.0001711499045475386,EXIT,0.0,1.7965716367713496,0.5768938490087834,-2.1742036555073487,-1.7965716367713496,-0.0002,1.347394816124601,1.199195876314408,-0.0005972121335212749
2022-03-01,2022-02-28,4306.26,4400.851775751481,-0.015594426756136315,0.006133902847677597,-0.002445600339324727,0.0017866395429697037,-0.0001769624159838522,ENTER,1.0,-0.19996447442754503,-1.9965361111988946,-2.573429960207678,0.19996447442754503,-0.015794426756136314,1.3265459519071408,1.180404058529589,-0.021728329603813913
2022-03-10,2022-03-09,4259.52,4266.060753528281,-0.004301081899390269,-0.0027666984947566954,0.025373672345635256,0.001826458595815658,-0.00014825309485344936,EXIT,0.0,1.9512295977171774,2.5273879773243806,0.7256705539976371,-1.9512295977171774,-0.0002,1.3121476671328502,1.172390215524744,-0.0015343834046335735
2022-03-14,2022-03-11,4173.11,4220.153996155968,-0.007448628397105139,0.003761429770186348,-0.013046288284511931,0.0018215028703249105,-0.00014953168459592555,ENTER,1.0,-1.0009483550624039,-0.6693571725437046,1.6134636076921722,1.0009483550624039,-0.007648628397105139,1.2855290152854704,1.1634572444671643,-0.011210058167291488
2022-03-16,2022-03-15,4357.86,4245.8204444166,0.0221369988429565,-0.003909038121861046,0.02118255114065626,0.0018291445972570158,-0.00014654830853014762,EXIT,0.0,1.6104806832686034,2.190518924599928,1.7696088108688488,-1.6104806832686034,-0.0002,1.3424413625693898,1.1881274625374556,0.026046036964817547
2022-03-22,2022-03-21,4511.61,4474.0764751976885,0.011240769260245642,0.002886651141743676,-0.00043476799985597836,0.0018195784991060944,-0.00016474858845073426,ENTER,1.0,-0.03270723976518785,-0.9000506940309072,-0.8572701487154873,0.03270723976518785,0.011040769260245642,1.3898041414321889,1.2013179864767984,0.008354118118501966
2022-03-25,2022-03-24,4543.06,4519.187146915724,0.005053402374178617,-0.00021524852895242865,0.014242030309045361,0.001827216434383641,-0.0001488923897246874,EXIT,0.0,1.0591555443508962,1.987784058471237,3.7581767999980897,-1.0591555443508962,-0.0002,1.3994923326207105,1.2033539220913967,0.005268650903131045
2022-04-12,2022-04-11,4397.45,4423.212944037575,-0.0034233936348684324,0.002418121330776012,-0.017021333762949453,0.0017870925835190908,-0.00022256275688602,ENTER,1.0,-1.2424012450772322,-1.0479500502099937,-0.5427247813609929,1.2424012450772322,-0.0036233936348684325,1.3546370855949392,1.1990015870229982,-0.0058415149656444445
2022-04-13,2022-04-12,4446.59,4394.063606101296,0.011112682823132047,-0.0007703779389783655,-0.0034233936348684324,0.0017899949695346698,-0.0002179082482010075,EXIT,0.0,-0.24984182364561888,0.9925594214316132,2.040509471641607,0.24984182364561888,-0.0002,1.3697746917953801,1.1987618106840268,0.011883060762110412
2022-04-18,2022-04-14,4391.69,4402.282655024613,-0.00020491150171686456,0.002204161294649071,-0.012218479951524586,0.0017870472794641523,-0.00022876820828427662,ENTER,1.0,-0.896815340222826,-1.7144100666878543,-2.781846616798502,0.896815340222826,-0.00040491150171686455,1.3528627141721765,1.1982765164962914,-0.0024090727963659354
2022-04-20,2022-04-19,4459.45,4456.782374261947,-0.000618718957692721,-0.0012170940797571984,0.01593004016149635,0.0017873191037937844,-0.00022588740594674326,EXIT,0.0,1.181221612486061,1.196340458236173,0.3146439637634588,-1.181221612486061,-0.0002,1.3737362224371732,1.217274481877381,0.0005983751220644774
2022-04-22,2022-04-21,4271.78,4407.344175654203,-0.02813199052103066,0.0031096875784694293,-0.01486284731647558,0.0017866848470246425,-0.00022973851143348348,ENTER,1.0,-1.098717605971569,-1.0528267682087313,0.17428568204016748,1.098717605971569,-0.028331990521030657,1.3159243674181051,1.1832706455275468,-0.031241678099500087
2022-04-26,2022-04-25,4175.2,4285.614537311168,-0.028550028430272434,-0.0024483320687500843,0.005681687572860028,0.001792489619055801,-0.00022872399166648565,EXIT,0.0,0.4053933110795754,2.41330979972098,3.3225086823908154,-0.4053933110795754,-0.0002,1.2861728410274107,1.1897747760393427,-0.02610169636152235
2022-04-27,2022-04-26,4183.96,4208.217175904005,0.002095905140411247,0.007876822999926671,-0.028550028430272434,0.001788123982393822,-0.0002293639014033575,ENTER,1.0,-2.0216089094703857,-2.4270022205499613,-4.840312020270941,2.0216089094703857,0.0018959051404112471,1.2888713642328629,1.1920326158018646,-0.005780917859515424
2022-04-28,2022-04-27,4287.5,4175.730413983152,0.024445646004581434,-0.0019688740294872813,0.002095905140411247,0.0017962315933374962,-0.00022885664151985858,EXIT,0.0,0.15088753932690063,2.172496448797286,4.5994986693472475,-0.15088753932690063,-0.0002,1.3207669227593954,1.191794233117767,0.026414520034068717
2022-05-02,2022-04-29,4155.38,4156.745578371443,0.005659270037375208,0.005987845050073222,-0.03695920232685879,0.0017875003200135393,-0.0002364814919757496,ENTER,1.0,-2.4779045083137716,-4.193850428998157,-5.758908810355643,2.4779045083137716,0.005459270037375208,1.2800672782497806,1.198318351924979,-0.00032857501269801387
2022-05-03,2022-05-02,4175.48,4148.441299651044,0.004825441551572496,-0.0016712069572573963,0.005659270037375208,0.0017956079309572142,-0.00023385922176486832,EXIT,0.0,0.3866606053949545,2.8645651137087262,7.058415542706884,-0.3866606053949545,-0.0002,1.2862590951937947,1.1980787122193635,0.006496648508829892
2022-05-06,2022-05-05,4123.34,4185.886247176939,-0.005690318260649363,0.009364616256619053,-0.03630072399124984,0.0017871378875740295,-0.00028792548143281334,ENTER,1.0,-2.299459772587467,-4.241016825817212,-5.852831530037863,2.299459772587467,-0.005890318260649363,1.2701973372106643,1.1910423907338001,-0.015054934517268416
2022-05-11,2022-05-10,3935.18,3995.8781970723117,-0.016600202520525187,-0.0012934475641835459,0.002454867109817016,0.0017943606061966487,-0.0002645991569979535,EXIT,0.0,0.15471386864516065,2.187679582001687,3.8572147803486,-0.15471386864516065,-0.0002,1.2122345374004222,1.1554873400486096,-0.01530675495634164
2022-05-19,2022-05-18,3900.79,3971.933989286047,-0.005850892213604908,0.012223138094827047,-0.04123376798544065,0.0017809325970711113,-0.00028784524089682165,ENTER,1.0,-2.4327569142846706,-3.667430462270004,-5.149950030474568,2.4327569142846706,-0.006050892213604908,1.2016406774648671,1.1485167211995477,-0.018074030308431955
2022-05-24,2022-05-23,3941.48,3969.322320475562,-0.008153945948249586,-0.001114853246802443,0.01838502294652855,0.001792489619055801,-0.00025693070290098866,EXIT,0.0,1.107859988280107,1.0990993475273376,0.7423115816779997,-1.107859988280107,-0.0002,1.2141752561440686,1.1697644909043576,-0.007039092701447143
2022-05-25,2022-05-24,3978.73,3957.6091157555315,0.009406385602540368,0.004083796988522955,-0.008153945948249586,0.001788123982393822,-0.0002876312661341771,ENTER,1.0,-0.49072489863941227,-1.5985848869195194,-2.6976842344468572,0.49072489863941227,0.009206385602540368,1.2256501407791232,1.1805835195303946,0.005322588614017413
2022-05-31,2022-05-27,4132.15,4152.542651326001,-0.006294055196399029,-0.0013710741347810007,0.024441095491292586,0.0017875003200135393,-0.0002364814919757496,EXIT,0.0,1.444421837060667,0.25849387279711156,-0.35996764545840054,-1.444421837060667,-0.0002,1.2729112629458268,1.2336016473863913,-0.004922981061618028
2022-06-01,2022-05-31,4101.23,4150.8508904058035,-0.0075109239121431415,0.004515494427364079,-0.006294055196399029,0.0017871831916289682,-0.0002697114597292629,ENTER,1.0,-0.3722001885246814,-1.8166220255853482,-2.07511589838246,0.3722001885246814,-0.007710923912143141,1.2633863385722475,1.224126018821331,-0.012026418339507221
2022-06-16,2022-06-15,3666.77,3783.078110851135,-0.03305221501708466,-0.001825387271556345,0.014487056184645297,0.001857637017725686,-0.00021426810593034375,EXIT,0.0,0.8406531194685193,1.061914777502516,-1.0169611493530701,-0.8406531194685193,-0.0002,1.1295506774032569,1.1310015721578568,-0.03122682774552832
2022-06-17,2022-06-16,3674.84,3703.5226354537617,0.002198428750711301,0.009973264809857229,-0.03305221501708466,0.0018463355063090975,-0.00022123289726173076,ENTER,1.0,-1.881128288438305,-2.7217814079068243,-3.7836961854093403,1.881128288438305,0.001998428750711301,1.1320366456986908,1.133264058172329,-0.007774836059145928
2022-06-21,2022-06-17,3764.79,3673.55718747638,0.024182488501784505,-0.0003491407728578948,0.002198428750711301,0.0018651980486786915,-0.00021657838857671826,EXIT,0.0,0.12529531493737886,2.006423603375684,4.728205011282508,-0.12529531493737886,-0.0002,1.1597457966496427,1.1330374280244648,0.0245316292746424
2022-06-28,2022-06-27,3821.55,3909.067218766575,-0.02034865838324862,0.0022940246952519346,-0.0029775299301260105,0.0018296434212020682,-0.00022870188335759016,ENTER,1.0,-0.16398879304548794,-1.8215365739336646,-2.9447496456107234,0.16398879304548794,-0.020548658383248618,1.1772307483781137,1.109992609906821,-0.022642683078500554
2022-07-05,2022-07-01,3831.39,3819.9420691996247,0.0015829235665787422,-0.0014094806943677535,0.010498459915641689,0.00187457375632724,-0.0002150034231969075,EXIT,0.0,0.5766707091664459,1.061031470625129,1.5062834485662906,-0.5766707091664459,-0.0002,1.1802619662253324,1.110868338178192,0.002992404260946496
2022-07-12,2022-07-11,3818.8,3878.3965207167303,-0.009286899019016914,0.006198664199216109,-0.011594429978107001,0.0018382629981543918,-0.0002286355584309037,ENTER,1.0,-0.6347648541451784,-0.5891921640450519,0.2669102416225144,0.6347648541451784,-0.009486899019016915,1.176383609243982,1.1003794744932291,-0.015485563218233023
2022-07-18,2022-07-15,3830.85,3854.492816544972,-0.00839879072885985,-0.002246068151743461,0.01901922349251528,0.0018729192196833787,-0.00021426810593034375,EXIT,0.0,1.0440805816033947,1.2094591558055094,1.1288802529383994,-1.0440805816033947,-0.0002,1.1800956189044502,1.1129391084378077,-0.00615272257711639
2022-07-19,2022-07-18,3936.69,3843.695610424696,0.02725355801980278,0.003347591655016126,-0.00839879072885985,0.0018690586341810348,-0.00022123289726173076,ENTER,1.0,-0.4606870374202702,-1.504767619023665,-2.714226774829174,0.4606870374202702,0.027053558019802783,1.2126996937977106,1.1434590462075929,0.023905966364786656
2022-07-20,2022-07-19,3959.9,3926.870373387735,0.005878503718333761,-0.002497502721457534,0.02725355801980278,0.0018772055960358958,-0.00021657838857671826,EXIT,0.0,1.4687112383152412,1.9293982757355113,3.434165894759176,-1.4687112383152412,-0.0002,1.219849548089778,1.1432303772660077,0.008376006439791295
2022-07-27,2022-07-26,4023.61,3931.987082027063,0.025820034533563074,0.0027854418575310597,-0.011610332895749309,0.0018431065030472163,-0.00021990303763744153,ENTER,1.0,-0.6557064109422931,-0.7288536415210406,-1.32380017742098,0.6557064109422931,0.025620034533563076,1.2394754514481454,1.1728984041590276,0.023034592676032015
2022-07-28,2022-07-27,4072.43,4007.1453348293844,0.012060363275690378,-0.004100408380777889,0.025820034533563074,0.0018640950242494502,-0.00021524852895242865,EXIT,0.0,1.4815467559335604,2.1372531668758534,2.866106808396894,-1.4815467559335604,-0.0002,1.2545144814584346,1.1726638479346,0.016160771656468266
2022-08-29,2022-08-26,4030.61,4070.8338630564062,-0.006688723509263639,0.0032414060495952546,-0.03426852674898484,0.0017868660632443974,-0.0004339334321290828,ENTER,1.0,-2.262683714678811,-3.2274238137200535,-3.9901650260925337,2.262683714678811,-0.0068887235092636384,1.2416318056077542,1.1646134512309967,-0.009930129558858893
2022-08-30,2022-08-29,3986.16,4024.101738062373,-0.01108936779165326,-0.00161601397185536,-0.006688723509263639,0.0017874550159586006,-0.00040148229807531014,EXIT,0.0,-0.4467576123155342,1.8159261023632767,5.04334991608333,0.4467576123155342,-0.0002,1.227938956694249,1.164380551831467,-0.0094733538197979
2022-09-14,2022-09-13,3946.01,3945.197000275076,0.003381271704881783,0.003175219645222683,-0.04419911011958355,0.0017656730559371919,-0.0005656922013181613,ENTER,1.0,-3.1885120055714546,-3.9797063816373424,-3.6367460390906654,3.1885120055714546,0.003181271704881783,1.215570725335929,1.1680906610384343,0.00020605205965910011
2022-09-15,2022-09-14,3901.35,3932.1224858315736,-0.011382294724738173,-0.003525588984011687,0.003381271704881783,0.0017712809316642387,-0.0005552946314045485,EXIT,0.0,0.24388299555774298,3.4323950011291977,7.41210138276654,-0.24388299555774298,-0.0002,1.2018131857976355,1.1678570662664824,-0.007856705740726486
2022-10-10,2022-10-07,3612.39,3646.0566492099065,-0.00752066754461822,0.001755942801916361,-0.02840316716749136,0.0016366869871463172,-0.0006203841700278991,ENTER,1.0,-1.8845240682282964,-1.1806359411279987,-0.6152806043547115,1.8845240682282964,-0.00772066754461822,1.1127988860890523,1.1588751479375385,-0.009276610346534582
2022-10-13,2022-10-12,3669.91,3574.766347396459,0.025634291446896995,-0.0006330305196561472,-0.0032961833504643323,0.0016351840320555388,-0.000615014529007942,EXIT,0.0,-0.22910976436784852,0.21107759153248007,0.14557525472799898,0.22910976436784852,-0.0002,1.1305179562691388,1.147301976556802,0.026267321966553143
2023-08-30,2023-08-29,4514.87,4509.837936049495,0.003825802169906467,0.002710627139831884,0.014404107984150372,0.0008695067757178951,-0.0017189301727165167,ENTER,1.0,2.162915114549968,1.2252850580535437,1.2832414827001726,-2.162915114549968,0.003625802169906467,1.3908083863693774,1.1514694171449198,0.001115175030074583
2023-09-27,2023-09-26,4274.51,4266.513182981356,0.00022929233000645866,-0.0016432747346327443,-0.01484412871796259,0.0008222124767274445,-0.0016347502569748667,EXIT,0.0,-2.1404313742454812,-2.7242571571809724,-3.6420331288812817,2.1404313742454812,-0.0002,1.3167653455403516,1.0897002635384627,0.001872567064639203
2023-10-16,2023-10-13,4373.63,4333.771648438985,0.010538619453747344,0.0013835048586880534,-0.005031477449687571,0.0007635083451944705,-0.0016149078281741864,ENTER,1.0,-0.7003228999538009,0.16927568541269045,1.6354412933965432,0.7003228999538009,0.010338619453747344,1.3472993204403902,1.1010246985243157,0.00915511459505929
2023-11-16,2023-11-15,4508.24,4493.7225258452,0.0011896413835668085,-0.0020357634542879244,0.0015958076771482865,0.0006849136793869142,-0.0015237801972149826,EXIT,0.0,0.18185447150505,-1.9693591501326693,-4.219105917524983,-0.18185447150505,-0.0002,1.3887660109296363,1.1333356130311216,0.003225404837854733
2024-01-09,2024-01-08,4756.5,4768.708566097754,-0.0014789856520085465,0.001084438066933739,0.01401598713236396,0.0005275498500540718,-0.0015902692144472565,ENTER,1.0,1.8170623078888979,1.575294052403745,0.8793342501437222,-1.8170623078888979,-0.0016789856520085466,1.465242651453075,1.131434355336763,-0.0025634237189422855
2024-02-01,2024-01-31,4906.19,4829.046752552731,0.012416277903485096,-0.003432306804396563,-0.016236787963986643,0.0005286339520116547,-0.0015269311013877823,EXIT,0.0,-2.5371448086623785,-2.4418852865852796,-1.1659210133991251,2.5371448086623785,-0.0002,1.511354744903303,1.152410067613621,0.01584858470788166
2024-02-02,2024-02-01,4958.61,4914.224336613373,0.010627786351802726,0.0016362524289756683,0.012416277903485096,0.0005276853627987696,-0.0015302466027843028,ENTER,1.0,1.918523555986449,4.455668364648828,6.897553651234107,-1.918523555986449,0.010427786351802725,1.5275027570528177,1.1644900277469734,0.008991533922827057
2024-02-06,2024-02-05,4954.23,4934.041034033921,0.002307761728426172,-0.0017756607323300387,-0.0031914641356145523,0.0005618774744140953,-0.0015268711935568788,EXIT,0.0,-0.4833893450515054,-2.1016596531934724,-1.8014064053489904,0.4833893450515054,-0.0002,1.5261534954500928,1.160547391016151,0.004083422460756211
2024-02-23,2024-02-22,5088.8,5097.85812331183,0.00034788317372758115,0.002126312485794852,0.02090289169482773,0.0005168656643035517,-0.0015252939771895778,ENTER,1.0,3.039487285630695,2.842262562985141,1.7059813257417042,-3.039487285630695,0.00014788317372758114,1.567607863915571,1.1607190291384781,-0.0017784293120672707
2024-02-26,2024-02-23,5069.53,5078.777054455477,-0.00379393524610272,-0.0019715510858590683,0.00034788317372758115,0.0005175582925182019,-0.0015246794225773912,EXIT,0.0,0.05069664851137314,-2.9887906371193216,-5.831053200104463,-0.05069664851137314,-0.0002,1.5616717289647664,1.1604869085454834,-0.0018223841602436515
2024-03-07,2024-03-06,5157.36,5108.474209787728,0.01025138288139793,0.0007273327675003495,0.005127959537251314,0.0005052020941086328,-0.0015250305966414978,ENTER,1.0,0.7339701482541044,2.1936917646580723,3.4798731754475165,-0.7339701482541044,0.01005138288139793,1.5887278126559519,1.172210225866956,0.009524050113897582
2024-03-11,2024-03-08,5117.94,5114.4003968650395,-0.001122868255180265,-0.0018147145266803047,-0.006549938065646188,0.0005139941128678247,-0.0015238458229597145,EXIT,0.0,-0.9168752243683943,-2.36770697729029,-3.0845685819580813,0.9168752243683943,-0.0002,1.5765844582314195,1.1643245233845714,0.0006918462715000398
2024-03-19,2024-03-18,5178.51,5153.077617711726,0.0056332831318908205,0.0007100448844767146,0.006298168875158439,0.0005029851644189115,-0.001523714571470251,ENTER,1.0,0.8771380567887799,1.7835832210912312,2.285844216229161,-0.8771380567887799,0.005433283131890821,1.5952430827239086,1.1706678451041104,0.004923238247414106
2024-04-17,2024-04-16,5022.21,5042.559431137358,-0.005797336366097028,-0.0017536354139280474,-0.002058690186348855,0.0004776156126856014,-0.0014871967633144033,EXIT,0.0,-0.2794932517742075,1.332079480995154,0.9553649970873201,0.2794932517742075,-0.0002,1.5470947748458208,1.1417069143533645,-0.004043700952168981
2024-04-29,2024-04-26,5116.17,5105.829834858543,0.003173415687477643,0.0011502951953274662,0.010157373516559431,0.00046541616036633183,-0.0014887422565819913,ENTER,1.0,1.361767063376918,1.9593320957423455,2.584739316906545,-1.361767063376918,0.002973415687477643,1.5760392086796335,1.1451067356391025,0.002023120492150177
2024-05-01,2024-04-30,5018.39,5026.150161420602,-0.003441392364873508,-0.0018962418970905265,-0.015855554753445134,0.0004674524086755507,-0.0014882646579090202,EXIT,0.0,-2.114781015709129,-2.5488976318512586,-1.62124718461647,2.114781015709129,-0.0002,1.5459180215758652,1.126868218296757,-0.0015451504677829813
2024-05-07,2024-05-06,5187.7,5185.048425470915,0.0013425358193490666,0.0008312779582554971,0.010273136069377742,0.0004594742745995447,-0.0014876283680389322,ENTER,1.0,1.3204037574348289,-0.3052704975276359,-0.7323851566861839,-1.3204037574348289,0.0011425358193490665,1.598074067684876,1.1281564413802192,0.0005112578610935695
2024-05-24,2024-05-23,5304.72,5258.404143334012,0.006976578915070419,-0.0017928254494033078,-0.007408176785643761,0.00044154205660933946,-0.001467311005894516,EXIT,0.0,-1.0447055747267582,-0.6586544048537186,0.0840748782126377,1.0447055747267582,-0.0002,1.6341221482216235,1.1453551973872391,0.008769404364473727
2024-06-06,2024-06-05,5352.96,5358.609109534619,-0.0001998694317570937,0.0008548985486557597,0.011778026448059364,0.00043061340329485437,-0.0014549130929971997,ENTER,1.0,1.671311330522543,1.4536851707117455,1.3963390871356967,-1.671311330522543,-0.0003998694317570937,1.6489825088872603,1.1448972964117028,-0.0010547679804128534
2024-07-12,2024-07-11,5615.35,5568.375252191071,0.005501853628775422,-0.0028987504634333566,-0.008801629230175578,0.0004092490918076874,-0.0014032483294873794,EXIT,0.0,-1.5038264784862159,-3.205990795782683,-4.788996639690094,1.5038264784862159,-0.0002,1.7298119043071638,1.1941890338465901,0.008400604092208778
2024-07-15,2024-07-12,5631.22,5623.423594802992,0.0028221956620431143,0.001436739716072279,0.005501853628775422,0.0004029695844355938,-0.001403382849183352,ENTER,1.0,0.9399616883256903,2.443788166811906,5.649778962594589,-0.9399616883256903,0.0026221956620431142,1.7347006672375878,1.1973245403099038,0.0013854559459708354
2024-07-18,2024-07-17,5544.59,5571.329506448344,-0.00784708046968241,-0.0030360420289912452,-0.014025410555021267,0.00043129315612133864,-0.0014020857221522824,EXIT,0.0,-2.3474672208831353,-3.4508586195792645,-4.065111743399285,2.3474672208831353,-0.0002,1.708014244259479,1.1879547856639217,-0.004811038440691165
2024-07-23,2024-07-22,5555.74,5571.738638372321,-0.0015593317997986134,0.0013161892263276525,0.010734189165974684,0.00042186349788755206,-0.0014033621538455101,ENTER,1.0,1.7557860732684925,2.9510343221707336,2.8471290950233787,-1.7557860732684925,-0.0017593317997986135,1.7114490083851386,1.1858666164626366,-0.002875521026126266
2024-07-25,2024-07-24,5399.22,5416.578472320265,-0.005155950404247989,-0.001946111155028001,-0.0234211784438898,0.0004287440830220218,-0.0014032172864806166,EXIT,0.0,-3.4552745821887334,-3.1985735328525218,-1.1860864102478175,3.4552745821887334,-0.0002,1.6632329293763226,1.1581832930362637,-0.0032098392492199875
2024-07-29,2024-07-26,5463.54,5462.601494348326,0.0008129903108695657,0.0006411994449956838,0.011029442312487703,0.0004126893843749249,-0.0014032793724941424,ENTER,1.0,1.676560874042897,2.432671178827803,-0.26649309857602477,-1.676560874042897,0.0006129903108695658,1.68304674359717,1.1588934658153844,0.00017179086587388193
2024-08-07,2024-08-06,5199.5,5188.44737314752,-0.007764756389251559,-0.009892728475790492,0.010300905557720341,0.00043163303253458094,-0.0013963905424335215,EXIT,0.0,1.2333539277182024,4.912355653269184,6.0296433862298215,-1.2333539277182024,-0.0002,1.6017090646967862,1.1112615853120293,0.002127972086538933
2024-08-16,2024-08-15,5554.25,5547.360632936018,0.001987841126329215,0.0007466936611246714,0.016004444012784447,0.0003972911548258732,-0.0014005015320926145,ENTER,1.0,1.726958484082851,1.3051465625647265,2.7319566916552698,-1.726958484082851,0.001787841126329215,1.710990012999736,1.1132501215401092,0.0012411474652045437
2024-09-06,2024-09-05,5408.42,5494.683821610652,-0.017410901670867673,-0.0015868532060200643,-0.0030226412501868083,0.0003987107622283033,-0.001368777899816149,EXIT,0.0,-0.30988245621003746,-0.14534768992309421,-2.174404657415802,0.30988245621003746,-0.0002,1.6660669948432343,1.1028395624143756,-0.01582404846484761
2024-09-09,2024-09-06,5471.05,5415.4190016308075,0.011513555690020993,0.0012932569682987931,-0.017410901670867673,0.00039374213631979853,-0.0013705196510586657,ENTER,1.0,-1.7381256759109505,-1.428243219700913,-1.2828955297778188,1.7381256759109505,0.011313555690020993,1.6853602035598334,1.1153874459704205,0.0102202987217222
2024-09-10,2024-09-09,5495.52,5459.3235297503315,0.004462660724490419,-0.0021456677059935587,0.011513555690020993,0.0004029695844355938,-0.0013697642405204706,EXIT,0.0,1.1436067930343599,2.8817324689453105,4.309975688646223,-1.1436067930343599,-0.0002,1.6928982016006322,1.1151643907874882,0.0066083284304839784
2024-09-16,2024-09-13,5633.09,5628.333063679196,0.0012558720767881226,0.0004110522743824766,0.00539309687837175,0.00038300204237860287,-0.001368449119581375,ENTER,1.0,0.5296041288885412,-0.20492537372297404,0.10385390206349554,-0.5296041288885412,0.0010558720767881225,1.7352767218487968,1.116342483576938,0.000844819802405646
2024-11-07,2024-11-06,5973.1,5921.373145947791,0.007403744412988189,-0.001293938874111603,0.024981233838897055,0.0003786967009598281,-0.0012820067779308578,EXIT,0.0,3.048313488704961,1.4963032353587904,-0.42022833753582,-3.048313488704961,-0.0002,1.840017004392802,1.1747576558065307,0.008697683287099793
2024-11-20,2024-11-19,5917.11,5923.978849614026,2.1970426116624253e-05,0.0011821425136203192,0.0039557737052682285,0.00035584211501821054,-0.0012913903786454233,ENTER,1.0,0.4958246063385799,0.006097381957637982,-2.1260035941399686,-0.4958246063385799,-0.00017802957388337576,1.8227692516218865,1.174548532817242,-0.001160172087503695
2024-12-20,2024-12-19,5930.85,5846.18037528352,0.01081047625241105,-0.0035685447477036237,-0.0008654734577540069,0.00037458053332852095,-0.0012543753031761618,EXIT,0.0,-0.11296644664440275,3.792527195858307,7.1071882450221056,0.11296644664440275,-0.0002,1.8270018667866024,1.1643846590133387,0.014379021000114674
2024-12-27,2024-12-26,5970.84,6040.522043567666,-0.011117304675595463,0.0004855135661409366,-0.0004057087414679472,0.0003594174497254968,-0.0012566602542587763,ENTER,1.0,-0.052024423182490794,-1.4404975137436706,-1.8992039759830195,0.052024423182490794,-0.011317304675595464,1.8393208100498446,1.1512812505588397,-0.011602818241736399
2025-03-13,2025-03-12,5521.52,5587.5867942782415,-0.013988405225353162,-0.0020940964573243244,0.004874971275235396,0.00041148717802349995,-0.00117909605098667,EXIT,0.0,0.4854747386361769,1.238748290644201,-0.7277260989921188,-0.4854747386361769,-0.0002,1.7009075170506014,1.079426003937745,-0.011894308768028838
2025-03-19,2025-03-18,5675.29,5618.506102457037,0.010740629118979328,0.0006847762371265424,-0.010710674253909147,0.0004073818417830601,-0.0011861332724903617,ENTER,1.0,-1.0046199471357997,-1.6082710439004924,-0.22088331200810352,1.0046199471357997,0.010540629118979327,1.7482764569252878,1.0908640090904196,0.010055852881852786
2025-03-20,2025-03-19,5662.89,5667.984564869272,-0.002187300773803358,-0.0012880647645429934,0.010740629118979328,0.00041079010062537567,-0.0011820963066549116,EXIT,0.0,1.065140096755645,2.0697600438914447,3.678031087791937,-1.065140096755645,-0.0002,1.7444566295568404,1.0906458581044272,-0.0008992360092603645
2025-03-21,2025-03-20,5667.56,5667.408225460037,0.0008243274123156397,0.0007975475331057966,-0.002187300773803358,0.0004089548843256671,-0.0011895701871921642,ENTER,1.0,-0.2168677228823876,-1.2820078196380327,-3.3517678635294774,0.2168677228823876,0.0006243274123156397,1.74589522583189,1.0913269908135566,2.6779879209843055e-05
2025-04-10,2025-04-09,5268.05,5326.1295020380685,-0.035220587845119056,-0.02425606078765737,0.09089490164871528,0.00045097093709178847,-0.001159099973971015,EXIT,0.0,4.871107354309566,5.983013758735358,6.930862789217491,-4.871107354309566,-0.0002,1.622825932931225,1.0505528521650547,-0.010964527057461686
2025-04-11,2025-04-10,5363.36,5322.926338450871,0.01793036925211311,0.010362940638574037,-0.035220587845119056,0.0004501040788661699,-0.0011609611734386498,ENTER,1.0,-1.837387167290862,-6.708494521600428,-12.691508280335785,1.837387167290862,0.01773036925211311,1.6521862350672467,1.0693456514727988,0.007567428613539073
2025-04-14,2025-04-11,5405.97,5348.054201633254,0.007913254093152133,-0.0028578502326377974,0.01793036925211311,0.00045171395842803286,-0.0011603911949511839,EXIT,0.0,0.9355761957305377,2.7729633630213995,9.481457884621827,-0.9355761957305377,-0.0002,1.6653122708873718,1.0691318037279915,0.01077110432578993
2025-04-16,2025-04-15,5275.7,5407.506923752402,-0.02266331270099542,0.00201347456142465,-0.0017292137684190578,0.0004499802419767959,-0.00116258502106811,ENTER,1.0,-0.09031796744576562,-0.5023523621193002,0.021189438937702976,0.09031796744576562,-0.022863312700995418,1.6251825199770824,1.0449652257051598,-0.02467678726242007
2025-04-23,2025-04-22,5375.86,5266.088238374205,0.01652384547479535,-0.0041068985638358126,0.024807034313980125,0.0004521440066206452,-0.0011599607879577943,EXIT,0.0,1.2558563987572486,2.483460376843693,3.779918900936808,-1.2558563987572486,-0.0002,1.6560368674951178,1.0471445168060114,0.020630744038631164
2025-04-29,2025-04-28,5560.83,5543.0218858325625,0.005785627496395662,0.0025780686026580335,0.0006404944691347225,0.00045047558953429203,-0.0011629618985032686,ENTER,1.0,0.03202727443503916,-0.33498544295986654,0.30152310132116256,-0.03202727443503916,0.0055856274963956625,1.7130169859097677,1.0530098415218248,0.0032075588937376287
2025-05-05,2025-05-02,5650.38,5674.734031366175,-0.0064020400278312906,-0.002101144012152274,0.014619229243407972,0.00045409146732927586,-0.0011605540459476028,EXIT,0.0,0.7276978710674229,0.41365765142440597,0.17355683123416377,-0.7276978710674229,-0.0002,1.7406029166230257,1.0766238081988149,-0.0043008960156790165
2025-05-06,2025-05-05,5606.91,5666.108839990971,-0.007723033885545405,0.0027798110070866335,-0.0064020400278312906,0.00045347761901213434,-0.001161612577424325,ENTER,1.0,-0.3186412847699702,-1.0463391558373931,-1.459996807261799,0.3186412847699702,-0.007923033885545406,1.7272119572918672,1.0681273844575667,-0.010502844892632038
2025-05-13,2025-05-12,5886.55,5810.943747068176,0.0072220821737154495,-0.005705012713862346,0.032040014309449916,0.0004602834395824768,-0.001156087125017287,EXIT,0.0,1.5639535126588908,1.5993902567112825,1.9227285330620896,-1.5639535126588908,-0.0002,1.8133552254622314,1.11310704754236,0.012927094887577796
2025-05-15,2025-05-14,5916.93,5895.903925487352,0.004123800988772075,0.000563927574817954,0.0010238448046244741,0.00045712488807692455,-0.001157378345997456,ENTER,1.0,0.04992048469080075,-0.30216496329628056,0.909703101375529,-0.04992048469080075,0.003923800988772075,1.8227138025149252,1.1174832381118285,0.003559873413954121
2025-05-16,2025-05-15,5958.38,5909.609048351143,0.0069808987439632375,-0.0012380549464290303,0.004123800988772075,0.0004600578287606518,-0.0011558646976685045,EXIT,0.0,0.20101258245269457,0.1510920977618938,0.45325706105817437,-0.20101258245269457,-0.0002,1.8354824996457424,1.117259763812381,0.008218953690392269
2025-05-22,2025-05-21,5842.01,5867.939917089458,-0.0004449532958030744,0.003983752147732118,-0.016266702451147808,0.0004557655492132639,-0.0011584543634809304,ENTER,1.0,-0.7931500079796835,-0.6026725246412996,-0.3692993381142574,0.7931500079796835,-0.0006449532958030744,1.7996346519952438,1.1165394157658353,-0.004428705443535193
2025-05-28,2025-05-27,5888.55,5890.673756040488,-0.0055867628115837675,-0.005226169260176285,0.020252543913121812,0.00045802733136422497,-0.0011538628515294607,EXIT,0.0,0.9883360224768485,1.317900433635262,1.6257692333311233,-0.9883360224768485,-0.0002,1.8139713266506885,1.1315130610347233,-0.00036059355140748237
2025-05-29,2025-05-28,5912.17,5895.056691621795,0.004003150916718212,0.001104363452274427,-0.0055867628115837675,0.0004564480556114486,-0.0011567327355073717,ENTER,1.0,-0.27421460962181793,-1.2625506320986664,-2.5804510657339286,0.27421460962181793,0.003803150916718212,1.8212474816863935,1.1358245694318447,0.0028987874644437854
2025-06-09,2025-06-06,6005.88,5990.342927677435,0.0009195219134294774,-0.001670806909867508,0.01022818611570031,0.000455767440524167,-0.0011487365947363945,EXIT,0.0,0.5163274148567553,0.7838362725397168,1.055068064833513,-0.5163274148567553,-0.0002,1.8501149028716497,1.1525367806526892,0.0025903288232969855
2025-06-10,2025-06-09,6038.81,6014.103374490219,0.0054679833266551015,0.0013682840511501898,0.0009195219134294774,0.0004557630274653931,-0.0011499686052974937,ENTER,1.0,0.04665349372079936,-0.4696739211359559,-1.2535101936756727,-0.04665349372079936,0.005267983326655102,1.8602590089396307,1.1586243457138214,0.0040996992755049115
2025-06-17,2025-06-16,5982.72,6025.305766065431,-0.008387318295762114,-0.0012944047005223839,0.009348881754855043,0.00046336307205278995,-0.001147086024934826,EXIT,0.0,0.47851576998140666,1.0607896510908987,1.838866822497563,-0.47851576998140666,-0.0002,1.842980451109292,1.1572992434829177,-0.00709291359523973
2025-06-18,2025-06-17,5980.87,6010.985347424914,-0.0003092717177288762,0.004713372378996913,-0.008387318295762114,0.00046156661977844054,-0.0011482374030342439,ENTER,1.0,-0.4284653919275596,-0.9069811619089663,-1.967770812999865,0.4284653919275596,-0.0005092717177288762,1.8424105575099654,1.1567100137610142,-0.005022644096725789
2025-06-25,2025-06-24,6092.16,6077.650097057291,-3.2829024796399153e-06,-0.002387857468968654,0.011060286796933383,0.0004646462522487537,-0.0011442158116607357,EXIT,0.0,0.5682188011522306,0.07613645796453566,-0.5280390121201128,-0.5682188011522306,-0.0002,1.876693508141779,1.1780019253788447,0.002384574566489014
2025-07-01,2025-06-30,6198.01,6208.68707328018,-0.0011190878184379471,0.00060209161440989,0.005151077553744443,0.0004578017205424,-0.0011400581071004993,ENTER,1.0,0.267206640539707,-0.002735027101570364,0.14165101137546393,-0.267206640539707,-0.0013190878184379472,1.9093006635409795,1.1764490617958634,-0.0017211794328478372
2025-09-24,2025-09-23,6637.97,6647.793125588687,-0.0028507212670838555,-0.0013719763450442592,-0.0055173400928314464,0.0005638674865519445,-0.0010585882085239755,EXIT,0.0,-0.9967122809227544,-1.798818181238315,-1.720927223294293,0.9967122809227544,-0.0002,2.0448306029782355,1.263302437332715,-0.0014787449220395963
2025-09-29,2025-09-26,6661.21,6648.335265738925,0.0026321125222388275,0.0006974501397495354,0.005884492261081675,0.0005578553413100743,-0.0010625182991786687,ENTER,1.0,1.0506468519933405,1.9496103092602497,2.333681504918423,-1.0506468519933405,0.0024321125222388274,2.0519896987881303,1.2663786703659974,0.0019346623824892922
2025-10-13,2025-10-10,6654.72,6543.725651088066,0.01547819498378189,-0.0013415076611874624,-0.027485959970572793,0.0005664783686439572,-0.0010539332603610408,EXIT,0.0,-4.213090812380434,-3.7024743212235625,-2.1126828454983717,4.213090812380434,-0.0002,2.0499904504315785,1.2454643338864466,0.01681970264496935
2025-10-15,2025-10-14,6671.06,6658.5078422641745,0.004017918538789189,0.0021345624398367603,-0.0015655280311612785,0.0005650245689436044,-0.0010550518722687965,ENTER,1.0,-0.23006818295989714,-2.5071490044322275,-8.997320638284991,0.23006818295989714,0.003817918538789189,2.0550239971412925,1.25022850407596,0.0018833560989524288
2025-10-20,2025-10-17,6735.13,6645.757318761443,0.01061570636531961,-0.0027427515814284374,0.005256882598063228,0.0005690315859397637,-0.001050236197482002,EXIT,0.0,0.7680172925675304,1.6939488174834527,3.2093087631831905,-0.7680172925675304,-0.0002,2.0747607987135828,1.2486575016588288,0.013358457946748049
2025-10-24,2025-10-23,6791.69,6743.607788140329,0.007871361907069385,0.0007666177237510932,0.005810473980595532,0.0005661446132127011,-0.001048024288450608,ENTER,1.0,0.8296539149628981,1.5964085528347605,2.3678625970760754,-0.8296539149628981,0.0076713619070693856,2.092184140323208,1.258273241003312,0.0071047441833182925
2025-10-31,2025-10-30,6840.2,6807.139120362378,0.0026144494615607528,-0.0022305894166730752,-0.009954191197687479,0.000570185734910528,-0.001041158839552387,EXIT,0.0,-1.495898110929867,-1.4892358595082043,-1.1354493327553015,1.495898110929867,-0.0002,2.107127674649287,1.2636988969063427,0.004845038878233828
2025-11-03,2025-10-31,6851.97,6845.075602396287,0.0017192311955085415,0.0007125326145003754,0.0026144494615607528,0.0005699160260792893,-0.0010461446406927794,ENTER,1.0,0.39306367856793695,1.888961789497804,3.378197649006008,-0.39306367856793695,0.0015192311955085414,2.110753430143369,1.2656202067796585,0.0010066985810081662
2025-11-24,2025-11-21,6705.12,6595.097196127943,0.015348836917048914,-0.0011960528363971798,0.009775031702355719,0.0005704939735748008,-0.001001782821642824,EXIT,0.0,1.2755354120707145,3.3478186454261993,5.934442856374881,-1.2755354120707145,-0.0002,2.065516200380751,1.2193874697023754,0.016544889753446094
2025-12-04,2025-12-03,6857.12,6853.87671574491,0.0010797529874064793,0.0006066605663635039,0.0029753463150949955,0.0005665896204543761,-0.0009953909670884276,ENTER,1.0,0.37793928840829105,0.06615019206194028,-0.9238358078896319,-0.37793928840829105,0.0008797529874064793,2.11233989070365,1.2204607014918682,0.0004730924210429754
2026-03-17,2026-03-16,6716.09,6692.772133033967,0.002491155157688496,-0.0009868268276278665,0.010079918404358068,0.0006466588001037394,-0.0009196391334618369,EXIT,0.0,1.3344925194665034,2.15191674717106,0.8957050992645454,-1.3344925194665034,-0.0002,2.068895515399451,1.1921469818048125,0.0034779819853163626
2026-03-18,2026-03-17,6624.7,6721.703270317046,-0.01370105213122308,0.0008354453042428994,0.002491155157688496,0.0006455196257892449,-0.0009209708069262168,ENTER,1.0,0.3361603162243267,-0.9983322032421766,-3.1502489504132365,-0.3361603162243267,-0.01390105213122308,2.0407427715928073,1.1756895373769645,-0.014536497435465978
2026-04-01,2026-03-31,6575.32,6522.428525030778,0.00714297472893044,-0.0009334916002291317,0.028714924185273105,0.0006508420809823505,-0.0009158216213059716,EXIT,0.0,3.1351341889268896,3.6110069353122407,2.0645691667171393,-3.1351341889268896,-0.0002,2.0255312332497506,1.158388713379409,0.008076466329159572
2026-04-02,2026-04-01,6582.69,6587.801786034038,0.0011202303039326011,0.001896478658780391,0.00714297472893044,0.0006493997350250751,-0.000916407083536723,ENTER,1.0,0.7789186569653099,-2.3562155319615794,-5.96722246727382,-0.7789186569653099,0.0009202303039326012,2.0278015661292215,1.1594551884032522,-0.0007762483548477898
2026-04-09,2026-04-08,6824.66,6770.66945850203,0.006151052613166286,-0.0017915022901996637,0.024772044477339605,0.000663324190326741,-0.0009145414041691783,EXIT,0.0,2.5582115785957686,2.475254992517983,2.8751689800836417,-2.5582115785957686,-0.0002,2.1023405684149554,1.194464805555323,0.007942554903365949
2026-04-30,2026-04-29,7209.01,7144.9758624360475,0.010186244049721793,0.0012640446039410894,-0.00039930647301922306,0.0006472370809793051,-0.000902741678967075,ENTER,1.0,-0.04113999908767139,0.46325214107038604,1.0943325089821876,0.04113999908767139,0.009986244049721793,2.2207398143071044,1.2064527804087053,0.008922199445780704
2026-05-08,2026-05-07,7398.93,7329.155784570733,0.0083903630375044,-0.0010846954945438773,-0.0038103109376628197,0.0006471560090178698,-0.0008977374122843155,EXIT,0.0,-0.40309183475899213,-1.9358941816401658,-2.5985314921096094,0.40309183475899213,-0.0002,2.279244783163186,1.2276452052831532,0.009475058532048278
2026-05-12,2026-05-11,7400.96,7418.22458870152,-0.00160391021166717,0.0007261230515049162,0.001878236576624559,0.0006467967680413169,-0.0008983642731283208,ENTER,1.0,0.2032761548182275,-0.6798576887630291,-1.9660833671032778,-0.2032761548182275,-0.00180391021166717,2.279870125869474,1.225432639795768,-0.002330033263172086
2026-05-28,2026-05-27,7563.63,7512.463531476142,0.005737224525953266,-0.0010505636860023238,0.00016489931870111718,0.0006328007434222244,-0.0008951089436093397,EXIT,0.0,0.017715689404899856,-0.6365564634897989,-0.8915781996605658,-0.017715689404899856,-0.0002,2.3299807160328005,1.2449535806699008,0.00678778821195559
2026-06-02,2026-06-01,7609.78,7607.380874194608,0.0012912780053415673,0.0009759595507233525,0.002621868930305027,0.0006226403226452916,-0.0008949998656594167,ENTER,1.0,0.28723070778971077,0.050799535260361156,0.4372317139983346,-0.28723070778971077,0.0010912780053415672,2.3441972509564963,1.2463129126998291,0.0003153184546182148
2026-06-09,2026-06-08,7386.65,7396.308586591241,-0.002579708009296411,-0.0012729888016340203,0.0029737395870199634,0.0006406077297340392,-0.0008930569622219615,EXIT,0.0,0.31564039199298777,3.0860997128507153,6.30908144047803,-0.31564039199298777,-0.0002,2.2754619218660475,1.2126515011167138,-0.0013067192076623906
2026-06-10,2026-06-09,7266.99,7400.374998897896,-0.016332141340852147,0.0018563575621674381,-0.002579708009296411,0.0006392270607902015,-0.0008936117391684865,ENTER,1.0,-0.27493843832566145,-0.5905788303186492,-3.6766785431693645,0.27493843832566145,-0.016532141340852145,2.2386005877605344,1.1927685815719584,-0.018188498903019584
2026-07-31,2026-07-30,7489.72,7428.277928322379,0.006979163942201438,-0.001258190613912131,0.016468016385045914,0.0006798278112284063,-0.0008329462697642512,EXIT,0.0,1.9125120410926553,3.737412321865437,5.820955311109147,-1.9125120410926553,-0.0002,2.3072126966132944,1.2205324747241397,0.008237354556113569
2026-08-04,2026-08-03,7736.52,7611.320754487503,0.017737939490634957,0.0014226773359027924,0.014682620949146852,0.0006790705190741492,-0.0008340847983870777,ENTER,1.0,1.707098911932905,0.8951325902308693,1.995678309621489,-1.707098911932905,0.01753793949063496,2.3832395832691584,1.2421269068368426,0.016315262154732165
2026-08-06,2026-08-05,7709.96,7713.484926891954,-0.001761103405828024,-0.0013040165526583985,-0.0016778711924096967,0.0006812924216095996,-0.0008319015894668438,EXIT,0.0,-0.19037756360614952,-2.1917805145645723,-2.48608455359009,0.19037756360614952,-0.0002,2.3750577594864173,1.239796541249196,-0.00045708685316962544
2026-08-14,2026-08-13,7785.76,7805.580087889868,-0.0016978139755909893,0.0008446356733363689,0.006494961886618356,0.0006785916663108803,-0.0008318376518368091,ENTER,1.0,0.7507671992991697,0.44650025578859637,-0.22412482784023108,-0.7507671992991697,-0.0018978139755909894,2.3984079945290206,1.2374458693208767,-0.0025424496489273585
