date,origin_date,actual_close,predicted_close,actual_return,predicted_return,entry_threshold,exit_threshold,signal,position,velocity,acceleration,jerk,opposite_velocity,strategy_return,benchmark_equity,strategy_equity,residual
2020-05-01,2020-04-30,2830.71,2941.950131799346,-0.02846022068682874,0.010084887325261136,0.0,0.0,ENTER,1.0,-0.23295676791834968,-0.892550603502545,-1.684786819360405,0.23295676791834968,-0.02866022068682874,0.9719409565208436,0.9717465877670626,-0.03854510801208988
2020-05-19,2020-05-18,2922.94,2934.6058843216156,-0.010539757419425477,-0.006556553539795759,0.0,0.0,EXIT,0.0,0.7691901081356698,0.6714695076476698,0.8595667228944358,-0.7691901081356698,-0.0002,1.0036086704229799,1.0138367865601208,-0.003983203879629718
2020-05-20,2020-05-19,2971.61,2955.1982771722182,0.016513934417861975,0.010975788418419674,0.0,0.0,ENTER,1.0,-0.2627140236309832,-1.031904131766653,-1.7033736394143228,0.2627140236309832,0.016313934417861976,1.0203198016776371,1.0305121035853606,0.005538145999442301
2020-05-21,2020-05-20,2948.51,2969.78739525702,-0.007803935472623813,-0.0006135273165220449,0.0,0.0,EXIT,0.0,0.41283364882024115,0.6755476724512244,1.7074518042178775,-0.41283364882024115,-0.0002,1.0123882805767002,1.0303060217735118,-0.007190408156101768
2020-05-22,2020-05-21,2955.45,2978.5016126508162,0.002350965520251158,0.01012040150928414,0.0,0.0,ENTER,1.0,-0.19505071447676983,-0.607884363297011,-1.2834320357482354,0.19505071447676983,0.002150965520251158,1.0147711704658993,1.0325245596455208,-0.007769435989032982
2020-05-27,2020-05-26,3036.13,2991.3403089032586,0.014718492616298207,-0.00014363469008438668,0.0,0.0,EXIT,0.0,0.3084088328615098,0.24902180610220448,-0.005415935133870675,-0.3084088328615098,-0.0002,1.0424731238175688,1.0450043981078065,0.014862127306382594
2020-05-29,2020-05-28,3044.31,3047.315854785202,0.004800767858805344,0.005787648898715867,0.0,0.0,ENTER,1.0,-0.05405116683256475,-0.42938410589382314,-0.49630821209357173,0.05405116683256475,0.004600767858805344,1.0452817750126182,1.0498232975736597,-0.000986881039910523
2020-06-01,2020-05-29,3055.73,3043.8496513915006,0.0037442421170172935,-0.00015122750904591098,0.0,0.0,EXIT,0.0,0.1241468449883961,0.17819801182096084,0.607582117714784,-0.1241468449883961,-0.0002,1.0492028992971507,1.0496133539092112,0.0038954696260632042
2020-06-05,2020-06-04,3193.93,3116.272021400179,0.025874065601552587,0.0012593546068635445,0.0,0.0,ENTER,1.0,-0.09258986481898876,-0.4596013479757761,-0.6134343275959979,0.09258986481898876,0.02567406560155259,1.0966546835460413,1.0769101059259778,0.024614710994689044
2020-06-08,2020-06-05,3232.39,3152.7386753836327,0.011969668235860098,-0.012980637593041263,0.0,0.0,EXIT,0.0,0.7198172035573998,0.8124070683763885,1.2720084163521648,-0.7198172035573998,-0.0002,1.1098601511452637,1.076694745441559,0.024950305828901363
2020-06-10,2020-06-09,3190.14,3210.8906511198015,-0.005327243376571644,0.0011563137070176744,0.0,0.0,ENTER,1.0,-0.24869928238637493,-0.6076471499170734,-0.24677781389037207,0.24869928238637493,-0.005527243376571644,1.095353364716061,1.070760008019334,-0.006483557083589319
2020-06-11,2020-06-10,3002.1,3186.4999849228757,-0.060752759198692274,-0.001141671940426828,0.0,0.0,EXIT,0.0,-0.20140563125584757,0.04729365113052736,0.6549408010476008,0.20140563125584757,-0.0002,1.030788722819089,1.0705458774315026,-0.059611087258265444
2020-06-12,2020-06-11,3041.31,3060.057713164223,0.012976299868565633,0.019121732515233112,0.0,0.0,ENTER,1.0,-2.263751452996915,-2.0623458217410677,-2.1096394728715953,2.263751452996915,0.012776299868565632,1.0442517073371709,1.084311240540821,-0.006145432646667479
2020-06-15,2020-06-12,3066.59,3011.7611319804623,0.00827785142343096,-0.00976334230951967,0.0,0.0,EXIT,0.0,0.5022823864776651,2.7660338394745803,4.8283796612156475,-0.5022823864776651,-0.0002,1.0529317442822657,1.0840943999774921,0.018041193732950628
2020-06-25,2020-06-24,3083.76,3073.7460409108344,0.01089985017340922,0.0076472450273850495,0.0,0.0,ENTER,1.0,-1.2937489150091164,-1.505823138790501,-1.407305991438826,1.2937489150091164,0.01069985017340922,1.0588271649447363,1.0957563268048038,0.0032526051460241706
2020-06-26,2020-06-25,3009.05,3066.751615941315,-0.024525217335130023,-0.005530735807545671,0.0,0.0,EXIT,0.0,0.5415710010849023,1.8353199160940186,3.34114305488452,-0.5415710010849023,-0.0002,1.0331750462672054,1.0955371974531085,-0.018994481527584352
2020-06-29,2020-06-26,3053.24,3026.4724502941567,0.01457890753907165,0.005773319155129359,0.0,0.0,ENTER,1.0,-1.2605378976510737,-1.802108898735976,-3.6374288148299945,1.2605378976510737,0.01437890753907165,1.0483479431265306,1.1114036230861848,0.00880558838394229
2020-06-30,2020-06-29,3100.29,3033.5060466155337,0.01529233363767979,-0.006484260186694032,0.0,0.0,EXIT,0.0,0.7534738302002915,2.014011727851365,3.816120626587341,-0.7534738302002915,-0.0002,1.0645028378364447,1.1111813645881583,0.021776593824373823
2020-07-08,2020-07-07,3169.94,3160.081629682324,0.00779702648129188,0.004682225659150166,0.0,0.0,ENTER,1.0,-0.6425507334980017,-1.573972447611863,-2.243554476317325,0.6425507334980017,0.00759702648129188,1.0884175757013905,1.1196551860079365,0.003114800822141714
2020-07-09,2020-07-08,3152.05,3169.1710845108823,-0.005659625451288619,-0.0002425941059047259,0.0,0.0,EXIT,0.0,0.4622182807936011,1.104769014291603,2.678741461903466,-0.4622182807936011,-0.0002,1.0822749387968118,1.1194312773623458,-0.0054170313453838935
2020-07-10,2020-07-09,3185.04,3162.311027735806,0.010411813000986925,0.0032500633786780985,0.0,0.0,ENTER,1.0,-0.34307006990932987,-0.8052883507029309,-1.9100573649945338,0.34307006990932987,0.010211813000986924,1.0936022496678033,1.1309212671991091,0.007161749622308826
2020-07-13,2020-07-10,3155.22,3176.5004896553573,-0.009406623666484037,-0.0026847319411940984,0.0,0.0,EXIT,0.0,0.6415451189894562,0.9846151888987861,1.7899035396017169,-0.6415451189894562,-0.0002,1.0833633769738666,1.130695105562587,-0.006721891725289939
2020-07-14,2020-07-13,3197.52,3164.079121210427,0.013317285189446082,0.0028038321479368676,0.0,0.0,ENTER,1.0,-0.5773958089201809,-1.218940927909637,-2.2035561168084232,0.5773958089201809,0.013117285189446081,1.0978873311976591,1.1456244579456514,0.010513453041509215
2020-07-15,2020-07-14,3226.56,3187.0613915565586,0.009041044884783744,-0.0032762109704205363,0.0,0.0,EXIT,0.0,0.8300534789841263,1.4074492879043072,2.6263902158139443,-0.8300534789841263,-0.0002,1.1078583862959783,1.145395355965024,0.012317255855204282
2020-07-17,2020-07-16,3224.73,3217.762180279011,0.002844589903158834,0.0006815069710150574,0.0,0.0,ENTER,1.0,-0.22358338638841682,-0.7937522193555778,-0.5338675733386126,0.22358338638841682,0.002644589903158834,1.1072300450139576,1.1484284658566706,0.0021630829321437764
2020-07-20,2020-07-17,3251.84,3220.6493522769097,0.008371764170464147,-0.0012662243896833683,0.0,0.0,EXIT,0.0,0.1892219114172239,0.4128052978056407,1.2065575171612184,-0.1892219114172239,-0.0002,1.116538423241073,1.1481988031305375,0.009637988560147515
2020-07-24,2020-07-23,3215.63,3237.367245245222,-0.006209630744304917,0.0005274951642026368,0.0,0.0,ENTER,1.0,-0.8273485297112746,-1.2120911821020735,-1.4848021496155597,0.8273485297112746,-0.006409630744304917,1.1041055063984366,1.140862808405678,-0.006737125908507554
2020-07-27,2020-07-24,3239.41,3212.8074376195823,0.007367919510066656,-0.0008781488780722854,0.0,0.0,EXIT,0.0,-0.42307392159945895,0.40427460811181565,1.616365790213889,0.42307392159945895,-0.0002,1.1122705095058072,1.140634658659732,0.008246068388138942
2020-09-04,2020-09-03,3426.96,3472.7241782853853,-0.008166252396865303,0.00509952853923017,-0.00020015762508591124,-0.0029099047654132736,ENTER,1.0,-2.741282494214912,-3.9976088707550943,-4.6328717356495055,2.741282494214912,-0.008366252396865304,1.1766669070157911,1.1311316290147102,-0.013265780936095473
2020-09-10,2020-09-09,3339.19,3367.7877476209446,-0.01774123987058651,-0.009213428385977933,-0.0001583321885491236,-0.0028341665380236603,EXIT,0.0,1.7933773747502744,4.376563748382521,6.164960623080527,-1.7933773747502744,-0.0002,1.1465305603911509,1.1216653548368767,-0.008527811484608579
2020-09-24,2020-09-23,3246.59,3235.81760922595,0.002982954347357847,-0.00034062582210573163,-0.0006135273165220449,-0.002953245207429476,ENTER,1.0,-2.222819538298113,-3.2259711257201116,-5.297383506627568,2.222819538298113,0.0027829543473578467,1.1147358048090426,1.1247912459010048,0.0033235801694635786
2020-09-25,2020-09-24,3298.46,3231.375294579849,0.015850478138508706,-0.004697380336197529,-0.0004711677008227823,-0.0029195359747502076,EXIT,0.0,0.2803661955700872,2.5031857338682,5.729156859588311,-0.2803661955700872,-0.0002,1.1325456749175078,1.1245663101461498,0.020547858474706235
2020-10-02,2020-10-01,3348.44,3381.5399643622154,-0.00961780214318253,0.00021884861425728247,-0.0008880484418388084,-0.003252402948628994,ENTER,1.0,0.4918141834534131,-0.27245037772692327,-1.482423306177922,-0.4918141834534131,-0.00981780214318253,1.1497066023904428,1.1135795617275497,-0.009836650757439813
2020-10-13,2020-10-12,3511.93,3513.1545141295037,-0.006326880453748629,-0.005978268521908729,-0.0007590691753746764,-0.0029002735560763396,EXIT,0.0,1.441507357634829,0.6552753263526552,0.5872303319303069,-1.441507357634829,-0.0002,1.2058418571433474,1.1751287496041343,-0.0003486119318398999
2020-10-27,2020-10-26,3390.68,3405.9183434125457,-0.003030193803752468,0.0014539225662554159,-0.001134303174656198,-0.003291639323713016,ENTER,1.0,-1.6318486620331403,-1.9377274105773208,-1.7812648355471516,1.6318486620331403,-0.003230193803752468,1.1642099552607277,1.171338980138726,-0.0044841163700078835
2020-10-30,2020-10-29,3269.96,3286.9224429347364,-0.012203669046733978,-0.007029722152813877,-0.0009928215986516472,-0.003252402948628994,EXIT,0.0,0.9530751805853197,3.852154330634487,6.487196447881709,-0.9530751805853197,-0.0002,1.1227600320007698,1.143276716444115,-0.005173946893920101
2020-11-09,2020-11-06,3550.5,3508.085007413705,0.011631958050303481,-0.0003861739293277148,-0.0011444545052078298,-0.003465733654314126,ENTER,1.0,-0.021796585320033913,-1.4812419170880626,-1.2753623566021046,0.021796585320033913,0.011431958050303481,1.2190850938906674,1.1564216006306272,0.012018131979631197
2020-11-10,2020-11-09,3545.53,3537.0926212091485,-0.0014007834839127042,-0.0037833423843060994,-0.0011381814724302137,-0.0034464161280156457,EXIT,0.0,0.8761029393838654,0.8978995247038993,2.379141441791962,-0.8761029393838654,-0.0002,1.217378615108345,1.1561903394373911,0.002382558900393395
2020-11-13,2020-11-12,3585.15,3534.5823687586776,0.013518576706374574,-0.0006865868987057008,-0.0011500196347698332,-0.0034876495266476753,ENTER,1.0,-0.7504644785830896,-1.3233526633126709,-2.0017388939299097,0.7504644785830896,0.013318576706374574,1.2309823755420723,1.1716921510461278,0.014205163605080276
2020-11-16,2020-11-13,3626.91,3560.9787539857593,0.011580731916657427,-0.006764876208214941,-0.0011412841106494263,-0.003478131901505059,EXIT,0.0,1.0042692422087611,1.7547337207918507,3.0780863841045214,-1.0042692422087611,-0.0002,1.2453209175842859,1.1714578360481993,0.01834560812487237
2020-12-08,2020-12-07,3702.25,3687.4739600805256,0.0027832605897479823,-0.0012158223778018758,-0.00128591068210848,-0.003890229819871446,ENTER,1.0,-0.16594207198675387,-0.9199840759373865,-1.72651616540522,0.16594207198675387,0.002583260589747982,1.2711893504736598,1.174487928983402,0.003999082967549858
2020-12-16,2020-12-15,3701.17,3679.905436631249,0.0017712784469292586,-0.003990652150572206,-0.0012467399272895006,-0.0037130406461691147,EXIT,0.0,1.124484845208281,1.5057133434263328,1.777391919222782,-1.124484845208281,-0.0002,1.2708185261104976,1.1718330263062104,0.005761930597501464
2020-12-21,2020-12-18,3694.92,3706.2020776257586,-0.003913931036978013,-0.0008651807944551448,-0.0012944903344332568,-0.0037013236898129514,ENTER,1.0,-0.3232955955676315,-0.8522526361940415,-1.225324544565303,0.3232955955676315,-0.004113931036978013,1.268672551786653,1.1670220887669587,-0.0030487502425228684
2021-03-02,2021-03-01,3870.29,3878.592331301057,-0.008113671312553805,-0.005970824351410491,-0.000877591150877707,-0.0027193193862703885,EXIT,0.0,2.6516058986679156,3.213601028170787,0.8498275950950216,-2.6516058986679156,-0.0002,1.3288868745343223,1.232123974384167,-0.0021428469611433137
2021-03-03,2021-03-02,3819.72,3874.9428742303944,-0.013152318131986362,0.0012014809278618106,-0.0008801117273087789,-0.0027484340482191293,ENTER,1.0,-0.9070566648884386,-3.5586625635563545,-6.772263591727142,0.9070566648884386,-0.013352318131986363,1.3115233670852173,1.2157816101218006,-0.014353799059848174
2021-03-08,2021-03-05,3821.35,3826.412879740272,-0.00537368403054117,-0.004049667959568604,-0.0008672166839839944,-0.0027073925070378417,EXIT,0.0,2.0203701600068755,3.4818434329836108,3.5020305724895033,-2.0203701600068755,-0.0002,1.3120830371888763,1.2226094846230833,-0.0013240160709725663
2021-03-09,2021-03-08,3875.44,3823.8370372510844,0.014055441418612702,0.0006506151717927716,-0.0008707794906594815,-0.0027305173331737503,ENTER,1.0,-0.5606838676612281,-2.5810540276681038,-6.0628974606517145,0.5606838676612281,0.013855441418612701,1.3306551573771719,1.2396671767579883,0.01340482624681993
2021-03-29,2021-03-26,3971.09,3960.9176181827365,-0.0008684019308251578,-0.0034332979530353244,-0.0006969093969120999,-0.0025578025460734084,EXIT,0.0,1.6345677341025633,1.106288969364165,0.025916081670974922,-1.6345677341025633,-0.0002,1.3634971484293175,1.271112817613257,0.0025648960222101665
2021-03-30,2021-03-29,3958.55,3974.317830403696,-0.003162819611880252,0.0008125021774005818,-0.0007049380066281882,-0.0025692525343400806,ENTER,1.0,-0.08603127977066524,-1.7205990138732286,-2.826887983237394,0.08603127977066524,-0.003362819611880252,1.3591914655459538,1.2668454736766723,-0.003975321789280834
2021-04-05,2021-04-01,4077.91,4007.3913508701908,0.014335038467166328,-0.0031090701140149618,-0.0006816440781492387,-0.002548160819741859,EXIT,0.0,1.1826581435842523,0.816457369422811,0.13658427247664573,-1.1826581435842523,-0.0002,1.4001744247930419,1.286212301294686,0.01744410858118129
2021-04-07,2021-04-06,4079.95,4072.473297483352,0.001474143283354934,-0.0003600854704853227,-0.0006992032854024108,-0.00257000634201968,ENTER,1.0,-0.0982086978386887,-1.5221399300828617,-1.7634130187427826,0.0982086978386887,0.0012741432833549339,1.4008748708123453,1.2878521645478722,0.0018342287538402565
2021-04-16,2021-04-15,4185.47,4155.832029426703,0.0036022533265391843,-0.0035040941466780925,-0.0006962203813911921,-0.002495644105385315,EXIT,0.0,1.117157115595027,1.5336214897467624,2.2832031559445385,-1.117157115595027,-0.0002,1.4371057845167088,1.3161461181140583,0.007106347473217277
2021-05-03,2021-04-30,4192.66,4184.1768673363085,0.002744265697041115,0.0007188865001031943,-0.0008433061207284309,-0.0025029792654326474,ENTER,1.0,-0.8325250972150787,-1.6164040494458334,-2.4973174285424355,0.8325250972150787,0.002544265697041115,1.439574513378863,1.3194990070461334,0.0020253791969379207
2021-05-14,2021-05-13,4173.85,4102.132867527053,0.014807755166462044,-0.002524066052405891,-0.000653634761662622,-0.0024737465117987663,EXIT,0.0,1.27717241435072,3.594555646640197,4.932209558816578,-1.27717241435072,-0.0002,1.433115989053815,1.29401250925796,0.017331821218867935
2021-05-18,2021-05-17,4127.83,4171.676993169239,-0.008553781927838955,0.002012484514164998,-0.0006767012575927768,-0.002473880330277525,ENTER,1.0,-0.2632266806343465,-1.8025062336677586,-2.0646133723504505,0.2632266806343465,-0.008753781927838955,1.4173147509124677,1.2827344408343435,-0.010566266442003952
2021-10-29,2021-10-28,4605.38,4588.146434889285,0.0019474456805763651,-0.001801623932335404,0.00041900751739732447,-0.001389041961239521,EXIT,0.0,1.365924710792485,2.079890128170161,3.0490746240846467,-1.365924710792485,-0.0002,1.5812843570489235,1.4280644210648088,0.003749069612911769
2021-11-29,2021-11-26,4655.27,4604.709160173871,0.01311385739268367,0.0021934565104319986,0.0002520292251485415,-0.0013927467858833346,ENTER,1.0,-3.0500803598007495,-3.3825750532874777,-3.4748496387061723,3.0500803598007495,0.01291385739268367,1.5984143824915955,1.4466258331070967,0.010920400882251671
2021-12-03,2021-12-02,4538.43,4567.424566763303,-0.008484472537633181,-0.002116115884770977,0.0003011251991335186,-0.0013839778400098143,EXIT,0.0,1.6687779199599664,3.109559054419137,2.191111250830284,-1.6687779199599664,-0.0002,1.558296680091883,1.4220500557244895,-0.006368356652862204
2021-12-06,2021-12-03,4591.67,4545.006571386062,0.011662655055921789,0.0014480362104205761,0.000298103272122325,-0.0013890707954257657,ENTER,1.0,-0.9983721826215664,-2.667150102581533,-5.776709157000671,0.9983721826215664,0.011462655055921788,1.576576947772134,1.4384443062987795,0.010214618845501212
2021-12-22,2021-12-21,4696.56,4642.392565510929,0.01012871135227833,-0.0014717420289156217,0.00037897984947407495,-0.0013488422689385026,EXIT,0.0,1.8823625585937511,3.140208828516225,3.245452090127987,-1.8823625585937511,-0.0002,1.6125915472646564,1.4561850098620523,0.011600453381193952
2021-12-23,2021-12-22,4725.79,4698.712660572193,0.0062044168953239165,0.00045824335016830396,0.0003693369240047506,-0.001358255145938781,ENTER,1.0,1.1243769282482667,-0.7579856303454844,-3.8981944588617092,-1.1243769282482667,0.006004416895323917,1.6226278399824203,1.464954854290747,0.005746173545155613
2022-01-25,2022-01-24,4356.45,4398.765487805,-0.012246661962160843,-0.002580236878910707,0.0004209633688958296,-0.0012377799147196757,EXIT,0.0,0.2841166208789882,2.2427257423130933,3.0266833365383974,-0.2841166208789882,-0.0002,1.4958127748993104,1.3668295359055638,-0.009666425083250135
2022-02-04,2022-02-03,4500.53,4503.014410148067,0.0051437130908578155,0.005695586908089785,0.00039801637683138934,-0.0012456057408364307,ENTER,1.0,-2.2289358363059577,-3.111438204286459,-3.3464996543422014,2.2289358363059577,0.004943713090857816,1.5452834917920777,1.3736034793953167,-0.0005518738172319692
2022-02-10,2022-02-09,4504.08,4579.473199791453,-0.018281803510330263,-0.001681486548344741,0.0004143965869479956,-0.001237576738490763,EXIT,0.0,1.2818056241783065,0.5295609735631954,-0.557944819987441,-1.2818056241783065,-0.0002,1.5465024052080218,1.3997698807344505,-0.016600316961985523
2022-02-11,2022-02-10,4418.64,4532.158486886262,-0.019151696234066762,0.006214660513348559,0.0004075346405100465,-0.0012382370612347298,ENTER,1.0,-1.5925042353623433,-2.8743098595406495,-3.403870833103845,1.5925042353623433,-0.01935169623406676,1.5171660778113107,1.3729423752829972,-0.02536635674741532
2022-02-25,2022-02-24,4384.65,4274.8042578431905,0.022126148364755238,-0.0032453430125175646,0.0004571322912130205,-0.0012146587083603634,EXIT,0.0,1.2196777877625662,2.751097504516132,3.450535014074743,-1.2196777877625662,-0.0002,1.5054954110485042,1.3323014445707577,0.025371491377272803
2022-03-01,2022-02-28,4306.26,4384.720971834023,-0.015594426756136315,0.0024617866391761106,0.0004545398203173593,-0.0012185544855156923,ENTER,1.0,-0.19996447442754503,-1.9965361111988946,-2.573429960207678,0.19996447442754503,-0.015794426756136314,1.478579742689093,1.311423816090437,-0.018056213395312427
2022-03-03,2022-03-02,4363.49,4377.951369930967,-0.005268565551901361,-0.001959870220795932,0.0004663255351925588,-0.0012166420101160209,EXIT,0.0,1.4843724349692635,2.759533246000269,3.834729582603729,-1.4843724349692635,-0.0002,1.498230000377691,1.3356050537293838,-0.0033086953311054286
2022-03-04,2022-03-03,4328.87,4377.265758248717,-0.007965657901415568,0.0031520774714646803,0.0004580581736757567,-0.0012184178801300015,ENTER,1.0,-0.4264927268775072,-1.9108651618467707,-4.670398407847039,0.4264927268775072,-0.008165657901415569,1.4863430194030423,1.3247433665330364,-0.011117735372880248
2022-03-10,2022-03-09,4259.52,4257.9338927371,-0.004301081899390269,-0.004673518850904155,0.0004921150263299641,-0.0012140768736396072,EXIT,0.0,1.9512295977171774,2.5273879773243806,0.7256705539976371,-1.9512295977171774,-0.0002,1.462531288305641,1.3088773392428235,0.0003724369515138862
2022-03-11,2022-03-10,4204.31,4276.990387914526,-0.013046288284511931,0.0040931039760926,0.0004886789177397925,-0.001216368799344639,ENTER,1.0,-0.3315911825186993,-2.282820780235877,-4.8102087575602575,0.3315911825186993,-0.013246288284511932,1.4435746095185118,1.2916538978537373,-0.01713939226060453
2022-03-16,2022-03-15,4357.86,4254.153144970821,0.0221369988429565,-0.0019483959772908278,0.0004981407244457739,-0.001212525314384257,EXIT,0.0,1.6104806832686034,2.190518924599928,1.7696088108688488,-1.6104806832686034,-0.0002,1.4962969067067713,1.3092538716174922,0.024085394820247328
2022-03-18,2022-03-17,4463.12,4424.1988893992775,0.011594770446318847,0.00283591754314029,0.0004969099992104424,-0.0012170518262730932,ENTER,1.0,0.9101239995811392,-0.735917852329081,-0.7714790209706979,-0.9101239995811392,0.011394770446318847,1.5324385478792617,1.3242578399846128,0.008758852903178557
2022-03-25,2022-03-24,4543.06,4514.672393509173,0.005053402374178617,-0.0012147667884993432,0.0005062866339703759,-0.001204630508700327,EXIT,0.0,1.0591555443508962,1.987784058471237,3.7581767999980897,-1.0591555443508962,-0.0002,1.5598864178709873,1.3409140391095056,0.00626816916267796
2022-03-28,2022-03-25,4575.52,4546.445035689835,0.007119559648820939,0.0007448229211675576,0.0005043947849851973,-0.0012129316377560457,ENTER,1.0,0.37528002602655886,-0.6838755183243374,-2.6716595767955744,-0.37528002602655886,0.006919559648820939,1.5710317501193154,1.3502247496455864,0.006374736727653381
2022-03-30,2022-03-29,4602.45,4619.687883148904,-0.006313610350948906,-0.0025752357044392846,0.0005060163698296363,-0.0012034116802064644,EXIT,0.0,0.8956192677731017,0.3683298435230954,0.2163204452996479,-0.8956192677731017,-0.0002,1.5802783242859053,1.366500492913175,-0.0037383746465096215
2022-03-31,2022-03-30,4530.41,4611.531176985996,-0.01577632727939715,0.0019711739696426324,0.0005041245208444574,-0.0012127904723142535,ENTER,1.0,-0.46450007738861226,-1.360119345161714,-1.7284491886848095,0.46450007738861226,-0.01597632727939715,1.5555429658395223,1.3448423036441577,-0.017747501249039784
2022-04-04,2022-04-01,4582.64,4538.358662264616,0.00805832262263273,-0.0016515101010340341,0.0005092722301271838,-0.0012021928517126025,EXIT,0.0,0.2517881934101638,1.40073621268635,2.0851841545739243,-0.2517881934101638,-0.0002,1.5734764440690405,1.3491587436320516,0.009709832723666764
2022-04-06,2022-04-05,4481.15,4529.172457197012,-0.009764386222700594,0.0008951461390864402,0.0005073676905333355,-0.001214484457615759,ENTER,1.0,-0.9253111410717,-1.519288063255928,-1.8614767920299922,0.9253111410717,-0.009964386222700595,1.5386292546086953,1.3357819612283335,-0.010659532361787034
2022-04-08,2022-04-07,4488.28,4488.284500688856,-0.0026545074879766872,-0.002653504723756149,0.0005083628892522712,-0.0012125081414306694,EXIT,0.0,0.3107740739817622,1.0233932060849031,0.810701197116344,-0.3107740739817622,-0.0002,1.5410773821173385,1.34119527355464,-1.0027642205383616e-06
2022-04-12,2022-04-11,4397.45,4419.60405146409,-0.0034233936348684324,0.0016018898570987054,0.0005052055774074167,-0.0012152945831506094,ENTER,1.0,-1.2424012450772322,-1.0479500502099937,-0.5427247813609929,1.2424012450772322,-0.0036233936348684325,1.5098903664637433,1.3363443887771032,-0.005025283491967137
2022-04-14,2022-04-13,4392.59,4433.374526369232,-0.012218479951524586,-0.0029764721127595686,0.0005068271622518557,-0.0012142021267321748,EXIT,0.0,0.8175947264650284,1.0674365501106473,0.07487712867903407,-0.8175947264650284,-0.0002,1.5082216568295208,1.351007351853648,-0.009242007838765018
2022-04-18,2022-04-14,4391.69,4402.776824395408,-0.00020491150171686456,0.0023164079801981665,0.0005049353132666768,-0.001215241803685483,ENTER,1.0,-0.896815340222826,-1.7144100666878543,-2.781846616798502,0.896815340222826,-0.00040491150171686455,1.5079126365268865,1.3504604241741052,-0.002521319481915031
2022-04-20,2022-04-19,4459.45,4447.718147246432,-0.000618718957692721,-0.0032529702357296892,0.0005065568981111158,-0.0012140609612903827,EXIT,0.0,1.181221612486061,1.196340458236173,0.3146439637634588,-1.181221612486061,-0.0002,1.5311784317562989,1.3718711753937054,0.0026342512780369682
2022-04-21,2022-04-20,4393.66,4463.0910696962665,-0.01486284731647558,0.0008161508857029243,0.0005046650491259371,-0.0012151890242203562,ENTER,1.0,-0.04589083776283776,-1.2271124502488988,-2.4234529084850718,0.04589083776283776,-0.01506284731647558,1.508589047633763,1.351361742349682,-0.015678998202178506
2022-04-26,2022-04-25,4175.2,4286.4478101659315,-0.028550028430272434,-0.0022539161105801513,0.0005137362939905028,-0.0012129316377560457,EXIT,0.0,0.4053933110795754,2.41330979972098,3.3225086823908154,-0.4053933110795754,-0.0002,1.4335795195077643,1.3210970357756642,-0.026296112319692283
2022-04-27,2022-04-26,4183.96,4194.241592949183,0.002095905140411247,0.0045502738963810315,0.0005101815710020962,-0.0012147667884993432,ENTER,1.0,-2.0216089094703857,-2.4270022205499613,-4.840312020270941,2.0216089094703857,0.0018959051404112471,1.4365873171200685,1.3236040862507579,-0.0024543687559697843
2022-04-28,2022-04-27,4287.5,4177.901480578908,0.024445646004581434,-0.0014490841531699175,0.000516783199409137,-0.0012137786304067984,EXIT,0.0,0.15088753932690063,2.172496448797286,4.5994986693472475,-0.15088753932690063,-0.0002,1.4721383861586377,1.3233393919038248,0.02589473015775135
2022-05-02,2022-04-29,4155.38,4164.466182558405,0.005659270037375208,0.007843489786492689,0.000510067903392732,-0.0012157695983367493,ENTER,1.0,-2.4779045083137716,-4.193850428998157,-5.758908810355643,2.4779045083137716,0.005459270037375208,1.4267742057319832,1.330583615088609,-0.002184219749117481
2022-05-03,2022-05-02,4175.48,4147.371951218494,0.004825441551572496,-0.001929011323419997,0.0005162753818393646,-0.0012154001420808629,EXIT,0.0,0.3866606053949545,2.8645651137087262,7.058415542706884,-0.3866606053949545,-0.0002,1.4336756591574724,1.3303175249754897,0.006754452874992493
2022-05-06,2022-05-05,4123.34,4187.820221233871,-0.005690318260649363,0.009826532159359355,0.0005091585625178197,-0.001217325037044475,ENTER,1.0,-2.299459772587467,-4.241016825817212,-5.852831530037863,2.299459772587467,-0.005890318260649363,1.415773082958217,1.3225045643676958,-0.015516850420008717
2022-05-16,2022-05-13,4008.01,4001.1897714854185,-0.003954237650276582,-0.005657336675823533,0.0005211605741617059,-0.00121321396863963,EXIT,0.0,1.4599202021273179,1.5419147792634031,0.5852289745440624,-1.4599202021273179,-0.0002,1.3761738479551429,1.2903492497248306,0.0017030990255469513
2022-05-17,2022-05-16,4088.85,4015.1815106728786,0.019968898134441915,0.001787695725139934,0.0005206997785650412,-0.0012148723474295965,ENTER,1.0,-0.2478460202192307,-1.7077662223465486,-3.249681001609952,0.2478460202192307,0.019768898134441916,1.4039307382495032,1.3161118426214724,0.01818120240930198
2022-05-18,2022-05-17,3923.68,4075.8300298217523,-0.04123376798544065,-0.0031893426728746765,0.0005215555418159899,-0.0012140609612903827,EXIT,0.0,1.2346735479853332,1.482519568204564,3.190285790551113,-1.2346735479853332,-0.0002,1.3472186455983475,1.3158486465734303,-0.03804442531256597
2022-05-19,2022-05-18,3900.79,3975.400041867012,-0.005850892213604908,0.01309539356745064,0.0005210947462193253,-0.0012151890242203562,ENTER,1.0,-2.4327569142846706,-3.667430462270004,-5.149950030474568,2.4327569142846706,-0.006050892213604908,1.3393592292346934,1.3079106285091808,-0.018946285781055547
2022-05-24,2022-05-23,3941.48,3968.5803769963595,-0.008153945948249586,-0.0013017901518362729,0.0005293826483795514,-0.0012129316377560457,EXIT,0.0,1.107859988280107,1.0990993475273376,0.7423115816779997,-1.107859988280107,-0.0002,1.3533303804726622,1.332107214693848,-0.006852155796413312
2022-05-25,2022-05-24,3978.73,3959.7048268779845,0.009406385602540368,0.004613196526443002,0.0005274951642026368,-0.0012147667884993432,ENTER,1.0,-0.49072489863941227,-1.5985848869195194,-2.6976842344468572,0.49072489863941227,0.009206385602540368,1.3661203874427892,1.3444277340811146,0.004793189076097366
2022-05-31,2022-05-27,4132.15,4147.752032042303,-0.006294055196399029,-0.002525399372231252,0.0005326183355399762,-0.0012107246511696389,EXIT,0.0,1.444421837060667,0.25849387279711156,-0.35996764545840054,-1.444421837060667,-0.0002,1.4187980483651106,1.4048038449783882,-0.0037686558241677767
2022-06-01,2022-05-31,4101.23,4153.825361375365,-0.0075109239121431415,0.005231830863987123,0.0005307308513630618,-0.0012136374649650062,ENTER,1.0,-0.3722001885246814,-1.8166220255853482,-2.07511589838246,0.3722001885246814,-0.007710923912143141,1.4081814841901774,1.3940131659370736,-0.012742754776130264
2022-06-16,2022-06-15,3666.77,3783.847913532967,-0.03305221501708466,-0.001621922170402258,0.0005699895627338356,-0.0011697815989114321,EXIT,0.0,0.8406531194685193,1.061914777502516,-1.0169611493530701,-0.8406531194685193,-0.0002,1.2590070834320475,1.2879646850425297,-0.0314302928466824
2022-06-17,2022-06-16,3674.84,3701.4964184526516,0.002198428750711301,0.009426009755702904,0.0005661659878048609,-0.0011760947746863905,ENTER,1.0,-1.881128288438305,-2.7217814079068243,-3.7836961854093403,1.881128288438305,0.001998428750711301,1.261777965478999,1.2905411642966507,-0.007227581004991603
2022-06-22,2022-06-21,3759.89,3746.1413233300054,-0.0013023811491290616,-0.004965753030671015,0.0005694433377439819,-0.0011692636273165106,EXIT,0.0,1.361686149698427,1.2363908347610482,-0.7700327686146358,-1.361686149698427,-0.0002,1.2909803840779006,1.3218656713773258,0.0036633718815419535
2022-06-23,2022-06-22,3795.73,3768.6026955158077,0.009487049060657782,0.0023145933078312507,0.0005656197628150072,-0.001175629359961347,ENTER,1.0,-0.07346044083967183,-1.4351465905380987,-2.671537425299147,0.07346044083967183,0.009287049060657781,1.303286259240566,1.3341990845802163,0.0071724557528265315
2022-06-27,2022-06-24,3900.11,3890.214097337674,-0.0029775299301260105,-0.0055180938043385905,0.0005688971127541288,-0.001168745655721589,EXIT,0.0,1.6575477808881767,1.1232130716770587,0.5154179216262689,-1.6575477808881767,-0.0002,1.3391257472282585,1.3747016314395992,0.00254056387421258
2022-06-28,2022-06-27,3821.55,3913.8581113646414,-0.02034865838324862,0.003518858883190021,0.0005650735378251535,-0.001175163945236303,ENTER,1.0,-0.16398879304548794,-1.8215365739336646,-2.9447496456107234,0.16398879304548794,-0.020548658383248618,1.312151708367239,1.3467416115152886,-0.02386751726643864
2022-07-05,2022-07-01,3831.39,3818.46692812044,0.0015829235665787422,-0.0017957237190713233,0.0005942425202562443,-0.0011613692989220306,EXIT,0.0,0.5766707091664459,1.061031470625129,1.5062834485662906,-0.5766707091664459,-0.0002,1.315530330342702,1.347804122826544,0.0033786472856500655
2022-07-11,2022-07-08,3854.43,3914.2841372800362,-0.011594429978107001,0.0038148953151041862,0.0005807399226682582,-0.0011671917409368238,ENTER,1.0,-0.045572690100126385,-0.8561024056675663,-1.470511898105361,0.045572690100126385,-0.011794429978107002,1.3234412500901298,1.332000919559183,-0.015409325293211188
2022-07-18,2022-07-15,3830.85,3856.005563594179,-0.00839879072885985,-0.0018536818249366357,0.0006185949721293527,-0.0011521065583555846,EXIT,0.0,1.0440805816033947,1.2094591558055094,1.1288802529383994,-1.0440805816033947,-0.0002,1.3153449181611236,1.334750826653375,-0.006545108903923215
2022-07-19,2022-07-18,3936.69,3846.152123285825,0.02725355801980278,0.003986489336675111,0.0006177359877647011,-0.0011581556685941452,ENTER,1.0,-0.4606870374202702,-1.504767619023665,-2.714226774829174,0.4606870374202702,0.027053558019802783,1.3516857057508682,1.3713534690250773,0.02326706868312767
2022-07-20,2022-07-19,3959.9,3918.7904347609838,0.005878503718333761,-0.0045572250777756555,0.0006192219054246537,-0.0011559061273646255,EXIT,0.0,1.4687112383152412,1.9293982757355113,3.434165894759176,-1.4687112383152412,-0.0002,1.3596549959999027,1.3710792257565134,0.010435728796109416
2022-07-21,2022-07-20,3998.95,3963.4345406822094,0.009813054238449581,0.0008921852027115541,0.0006184722600772595,-0.0011600838467908765,ENTER,1.0,0.32200251610641345,-1.1467087222088277,-3.076106997944339,-0.32200251610641345,0.00961305423844958,1.373063043575296,1.3843230394796031,0.008920869035738027
2022-07-28,2022-07-27,4072.43,4003.1021053208065,0.012060363275690378,-0.00510992272653704,0.0006296729427131809,-0.0011412841106494265,EXIT,0.0,1.4815467559335604,2.1372531668758534,2.866106808396894,-1.4815467559335604,-0.0002,1.3982928345058925,1.392581087802458,0.01717028600222742
2022-08-03,2022-08-02,4155.17,4095.2574875063287,0.015517460750034573,0.0009937125590177632,0.0006193556357730095,-0.0011591197576925109,ENTER,1.0,-0.40482992561068387,-0.2398868323910125,0.7278861012293236,0.40482992561068387,0.015317460750034572,1.4267021009947005,1.414076098175084,0.01452374819101681
2022-08-04,2022-08-03,4151.94,4135.914737416148,-0.0007776471390830153,-0.004644819782207835,0.0006216227193237192,-0.0011568702164629911,EXIT,0.0,0.9336595929630764,1.3384895185737604,1.5783763509647728,-0.9336595929630764,-0.0002,1.425593061464137,1.4137933112350856,0.0038671726431248193
2022-08-23,2022-08-22,4128.73,4146.1095660307565,-0.00224030906405126,0.0019602778952902593,0.0005831456931638053,-0.0011784218483116096,ENTER,1.0,-1.4458894019639588,-0.5633659464162787,0.47393457306782116,1.4458894019639588,-0.0024403090640512603,1.4176237712151007,1.4103474248269534,-0.0042005869593415195
2022-08-24,2022-08-23,4140.77,4121.03213164579,0.002911907251338164,-0.0018662042530429403,0.0005905869451876902,-0.001175163945236303,EXIT,0.0,-0.15183495692961857,1.29405444503434,1.8574203914506189,0.15183495692961857,-0.0002,1.42175777615256,1.4100653835470562,0.004778111504381104
2022-08-29,2022-08-26,4030.61,4085.1104143285984,-0.006688723509263639,0.006742304380457413,0.0005767303051756809,-0.0011936610522555653,ENTER,1.0,-2.262683714678811,-3.2274238137200535,-3.9901650260925337,2.262683714678811,-0.0068887235092636384,1.3839336911101727,1.4003852132786831,-0.013431027889721052
2022-09-02,2022-09-01,3924.26,3958.1041270644837,-0.010794530441165406,-0.0022071740342807637,0.000586353387157867,-0.0011802835072117848,EXIT,0.0,0.2013118900178541,0.7275594833568928,0.5090878471998471,-0.2013118900178541,-0.0002,1.3474177920156025,1.3779569769272733,-0.008587356406884643
2022-09-06,2022-09-02,3908.19,3927.9337943353976,-0.0041034472098147035,0.0009357371200169942,0.0005807399226682582,-0.0011846233305865847,ENTER,1.0,-0.726391130667477,-0.9277030206853311,-1.655262504042224,0.726391130667477,-0.004303447209814703,1.3419000628341282,1.3720397531817567,-0.005039184329831698
2022-09-08,2022-09-07,4006.18,3961.2037299320873,0.006589013388980547,-0.004701204165034502,0.0005855514636593514,-0.001179818092486741,EXIT,0.0,1.2768153148529517,1.5588331152697754,1.1144597850191222,-1.2768153148529517,-0.0002,1.3755455066731208,1.3969248817812057,0.011290217554015049
2022-09-14,2022-09-13,3946.01,3967.4647977650798,0.003381271704881783,0.008803630625870784,0.0005661659878048609,-0.0012130728031978378,ENTER,1.0,-3.1885120055714546,-3.9797063816373424,-3.6367460390906654,3.1885120055714546,0.003181271704881783,1.3548857826625864,1.4013759556652434,-0.005422358920989001
2022-09-15,2022-09-14,3901.35,3940.5540164393465,-0.011382294724738173,-0.001383615074876113,0.0005735226111816191,-0.001212084645105293,EXIT,0.0,0.24388299555774298,3.4323950011291977,7.41210138276654,-0.24388299555774298,-0.0002,1.3395515085341099,1.401095708499761,-0.00999867964986206
2022-09-16,2022-09-15,3873.33,3906.2616179946353,-0.0072080449142468694,0.0012581616204442772,0.0005694433377439819,-0.0012139197958485905,ENTER,1.0,-0.8355416195936427,-1.0794246151513858,-4.511819616280583,0.8355416195936427,-0.007408044914246869,1.3299306764454417,1.390754679258755,-0.008466206534691146
2022-09-20,2022-09-19,3855.93,3894.254973057868,-0.011336124553071869,-0.0014459643600230982,0.0005887591576534131,-0.0012119434796635008,EXIT,0.0,0.50128181107786,1.0290391585304717,0.7212548863894407,-0.50128181107786,-0.0002,1.323956283927854,1.4000112607265016,-0.00989016019304877
2022-09-21,2022-09-20,3789.93,3864.3765039963023,-0.01726467378977503,0.0021881274692956603,0.0005831456931638053,-0.0012137786304067984,ENTER,1.0,-0.8623401561189455,-1.3636219671968055,-2.392661125727277,0.8623401561189455,-0.01746467378977503,1.301294795068035,1.3757727952897312,-0.01945280125907069
2022-09-29,2022-09-28,3640.47,3706.58398698608,-0.021352776272161478,-0.0033548762282204487,0.0006181041239209803,-0.0011849176885065516,EXIT,0.0,1.444247025725353,1.6046252814184503,0.984271206139391,-1.444247025725353,-0.0002,1.2499768234773028,1.3497692168739963,-0.01799790004394103
2022-09-30,2022-09-29,3585.62,3655.2483821233736,-0.01518139227639459,0.004051253505696287,0.0006172451395563286,-0.0011924422237617033,ENTER,1.0,-1.5537400898033313,-2.9979871155286846,-4.602612396947135,1.5537400898033313,-0.01538139227639459,1.2311437528112261,1.3291667406396954,-0.019232645782090878
2022-10-04,2022-10-03,3790.93,3658.659185142483,0.030125340865302164,-0.005389293277308488,0.0006193422627381739,-0.0011846233305865847,EXIT,0.0,1.8071104526725588,2.9147713385005423,2.4686921345251944,-1.8071104526725588,-0.0002,1.30163815095985,1.363298135939375,0.03551463414261065
2022-10-06,2022-10-05,3744.52,3788.7539301128313,-0.010297920383575132,0.0014458284569037734,0.0006187176841814458,-0.0012070681656880515,ENTER,1.0,-0.13853279032701052,-2.1980561547136706,-2.4504690664277717,0.13853279032701052,-0.010497920383575133,1.2857030040206971,1.3490612005063445,-0.011743748840478905
2022-10-14,2022-10-13,3583.07,3660.654244601881,-0.023947163771952162,-0.002525251810873105,0.0006393996642997396,-0.0011788872630366534,EXIT,0.0,1.7342080303412446,1.9633177947090932,1.752240203176613,-1.7342080303412446,-0.0002,1.230268195287097,1.3219165881673045,-0.02142191196107906
2022-10-17,2022-10-14,3677.95,3610.9619604713525,0.026135556911906832,0.007754233059316056,0.0006351981583005502,-0.0011837402568266842,ENTER,1.0,-1.5971539740716878,-3.3313620044129326,-5.294679799122026,1.5971539740716878,0.025935556911906833,1.262845802302545,1.3566496953894926,0.018381323852590777
2022-10-18,2022-10-17,3719.98,3671.91016449775,0.011362760181542697,-0.001643524292061237,0.0006430009551561882,-0.001181679751386916,EXIT,0.0,1.698605428365302,3.29575940243699,6.6271214068499225,-1.698605428365302,-0.0002,1.2772770504355462,1.3563783925816,0.013006284473603934
2022-10-19,2022-10-18,3695.16,3730.6270239326823,-0.006694436704711038,0.002858030532507141,0.0006387994491569987,-0.0011855064043464853,ENTER,1.0,0.7345409884162721,-0.9640644399490299,-4.2598238423860195,-0.7345409884162721,-0.006894436704711037,1.268754957200688,1.3470590901912436,-0.009552467237218178
2022-10-31,2022-10-28,3871.98,3889.535184177423,-0.007482306966124952,-0.0029586505156792113,0.0006519899230034338,-0.001161047935889242,EXIT,0.0,1.5558881745496673,1.9552426891113845,1.8737337698989354,-1.5558881745496673,-0.0002,1.3294671459914922,1.4218348996543402,-0.004523656450445741
2022-11-01,2022-10-31,3856.1,3886.2254467788234,-0.004109694089747151,0.0036723602864925514,0.0006514238489755141,-0.0011671917409368238,ENTER,1.0,-0.47785543635029876,-2.033743610899966,-3.9889863000113506,0.47785543635029876,-0.004309694089747151,1.3240146544294629,1.415720411441492,-0.007782054376239703
2022-11-07,2022-11-04,3806.8,3762.2738363479984,0.009568061802673,-0.0021973610857898376,0.0006755658770300287,-0.001156227490397414,EXIT,0.0,0.8531141623801409,1.5297621392731253,0.6205465341831665,-0.8531141623801409,-0.0002,1.3070872089629615,1.3840349304206374,0.011765422888462837
2022-11-10,2022-11-09,3956.37,3769.0727733813033,0.05395250428096254,0.005454588581410435,0.0006739333068588088,-0.0011559061273646255,ENTER,1.0,-1.3184649073480241,-1.6730540931646274,-1.4194213017124697,1.3184649073480241,0.053752504280962544,1.3584429497017942,1.4604660540740977,0.048497915699552106
2022-11-11,2022-11-10,3992.93,3912.1163909731513,0.009198359044827242,-0.011248434180174955,0.0006746645442821496,-0.0011514109171603343,EXIT,0.0,3.0853526210763507,4.403817528424375,6.076871621589002,-3.0853526210763507,-0.0002,1.3709960411065665,1.4601739900706567,0.020446793225002195
2022-11-15,2022-11-14,3991.73,3967.381189017297,0.008675381307597263,0.002556887328932162,0.0006738770578262441,-0.0011620120249876075,ENTER,1.0,-0.5130526697066699,-1.0376728440050496,1.5230596027729213,0.5130526697066699,0.008475381307597262,1.370584014036389,1.4726021135599465,0.006118493978665101
2022-11-16,2022-11-15,3958.79,3984.70428227066,-0.008286297872086124,-0.0017616191139107474,0.0006746082952495849,-0.0011597624837580878,EXIT,0.0,0.5006217386539956,1.0136744083606655,2.051347252365715,-0.5006217386539956,-0.0002,1.3592738709599874,1.4723076225873135,-0.006524678758175376
2022-11-17,2022-11-16,3946.56,3967.1458684816644,-0.003094109623736685,0.0021084883138024996,0.0006742145520216322,-0.0011651198545571373,ENTER,1.0,-0.47741832641739396,-0.9780400650713896,-1.991714473432055,0.47741832641739396,-0.003294109623736685,1.3550746284030852,1.4674656592360928,-0.005202597937539185
2022-11-21,2022-11-18,3949.94,3958.74115938966,-0.003891212801477195,-0.0016655160397800709,0.0006745520462170203,-0.0011594411207252993,EXIT,0.0,0.275048748054239,0.453356836741474,0.154246599011315,-0.275048748054239,-0.0002,1.356235171317421,1.4741538437302513,-0.0022256967616971243
2022-11-29,2022-11-28,3957.63,3974.1192667346063,-0.0015931188727940082,0.0025646753122200204,0.0006519899230034338,-0.0011708175421012755,ENTER,1.0,-0.9253485818218885,-0.9083954958512747,-0.5390006806078022,0.9253485818218885,-0.0017931188727940083,1.3588755781254833,1.4715128791409995,-0.004157794185014029
2022-12-01,2022-11-30,4076.57,4046.213398455288,-0.0008680002702714518,-0.008342468413727789,0.0006554792059084554,-0.0011635659397723724,EXIT,0.0,1.7717502340429903,1.8667926592133866,1.0364865025618943,-1.7717502340429903,-0.0002,1.3997143278980104,1.5167496068354052,0.007474468143456337
2022-12-06,2022-12-05,3941.26,4009.4687470992103,-0.014503849921748468,0.002654431460053452,0.0006507769072293201,-0.001173302286336128,ENTER,1.0,-1.0571998379823349,-0.9870162290822548,-0.96774178449284,1.0571998379823349,-0.014703849921748469,1.353254842176465,1.4946107106248674,-0.01715828138180192
2022-12-08,2022-12-07,3963.51,3927.7404416766026,0.007493612090724966,-0.0015720749177433617,0.0006608903388254523,-0.0011661557977469806,EXIT,0.0,-0.1155123966422027,0.7318499940300658,0.5220125467199994,0.1155123966422027,-0.0002,1.3608945107693582,1.4915288888664449,0.009065687008468328
2022-12-12,2022-12-09,3990.56,3939.1171003168697,0.014178262831054056,0.0012033028851346685,0.000651747319848611,-0.0011788872630366534,ENTER,1.0,-0.45758456664242647,-0.9212743941330406,-1.5004766182658573,0.45758456664242647,0.013978262831054055,1.3701822876429643,1.5125242693087868,0.012974959945919387
2022-12-13,2022-12-12,4019.65,3979.387274414956,0.007263262233260903,-0.0028037156380718397,0.0006598081122420527,-0.001175629359961347,EXIT,0.0,0.8756356459406942,1.3332202125831207,2.254494606716161,-0.8756356459406942,-0.0002,1.3801705105358741,1.512221794703394,0.010066977871332743
2022-12-15,2022-12-14,3895.75,4002.884858606096,-0.02523746079196343,0.001891639685556307,0.0006516664521303368,-0.0011784218483116096,ENTER,1.0,-0.3760662717371284,-0.8245567076561158,-0.397411497634409,0.3760662717371284,-0.025437460791963427,1.337628715539945,1.474239842345873,-0.027129100477519735
2022-12-21,2022-12-20,3878.44,3816.9662387282297,0.014758594440962725,-0.0012184877416102499,0.000676411634858765,-0.001164601882962216,EXIT,0.0,0.06410823052716917,0.621422253164098,0.493883250603533,-0.06410823052716917,-0.0002,1.3316852250526192,1.4458981664852066,0.015977082182572974
2022-12-23,2022-12-22,3844.82,3833.3748812653193,0.005850906388984001,0.0028697038047125504,0.0006744957971844556,-0.001177491018861522,ENTER,1.0,-0.8982265312393919,-1.8054600570253618,-2.6485853522841625,0.8982265312393919,0.005650906388984001,1.3201415999697836,1.4540919309659421,0.0029812025842714503
2022-12-27,2022-12-23,3829.25,3840.118524345456,-0.004057826255055019,-0.0012235559793209122,0.0006761297155825194,-0.0011742331157862155,EXIT,0.0,0.36648889466312945,1.2647154259025213,3.0701754829278833,-0.36648889466312945,-0.0002,1.3147955487342189,1.453801141659649,-0.0028342702757341073
2022-12-28,2022-12-27,3783.22,3832.3730359313417,-0.012093462699048985,0.0008152413893672621,0.0006748332913798437,-0.0011802835072117848,ENTER,1.0,-0.2561950734579544,-0.6226839681210838,-1.8873993940236051,0.2561950734579544,-0.012293462699048985,1.298990877033955,1.4360382986830964,-0.012908704088416247
2022-12-30,2022-12-29,3839.5,3834.893106775736,-0.0025439680351091454,-0.003744556463024745,0.0006807704060543385,-0.0011737677010611716,EXIT,0.0,1.1337395410288509,1.909094875655667,2.4282551368245286,-1.1337395410288509,-0.0002,1.318314946625326,1.4608212237726832,0.0012005884279155995
2023-01-04,2023-01-03,3852.97,3830.549559163832,0.007510674075383861,0.001674675533809485,0.0006775393119637467,-0.0011765601894114346,ENTER,1.0,-0.26340864280518295,-0.09681038347676918,1.2035274168804957,0.26340864280518295,0.007310674075383861,1.322939950488079,1.4715399444193522,0.005835998541574376
2023-01-09,2023-01-06,3892.09,3881.4785966272048,-0.0007679298504950083,-0.003498055617567064,0.0006809870428074911,-0.0011661557977469806,EXIT,0.0,1.5009715808550887,2.2914869390099764,3.590598533432682,-1.5009715808550887,-0.0002,1.3363720329758988,1.4873252499176657,0.0027301257670720555
2023-01-10,2023-01-09,3919.25,3896.319730973979,0.006954020552452533,0.0010861604707288197,0.0006806837513530775,-0.001172836871611084,ENTER,1.0,-0.05107135250922643,-1.552042933364315,-3.8435298723742912,0.05107135250922643,0.006754020552452534,1.3456975789976067,1.497404675230759,0.005867860081723714
2023-01-12,2023-01-11,3983.17,3962.915029944418,0.0034101315868824145,-0.0016879799609734636,0.0006809437154568606,-0.0011656378261520593,EXIT,0.0,0.8855533523201569,0.4130131108057165,-0.11059848321795024,-0.8855533523201569,-0.0002,1.3676448876024485,1.516342123927418,0.005098111547855878
2023-01-13,2023-01-12,3999.09,3986.2848976403907,0.003988850553225731,0.0007817091228990378,0.0006806404240024469,-0.0011723714568860405,ENTER,1.0,0.24255828560600293,-0.642995066714154,-1.0560081775198704,-0.24255828560600293,0.003788850553225731,1.373111113400151,1.5220982152214728,0.0032071414303266933
2023-01-23,2023-01-20,4019.81,3960.2556277516,0.011811328415708644,-0.0031147337711716697,0.0006983332485653002,-0.0011571915794957796,EXIT,0.0,1.3434137968043875,1.8979384492014915,1.3393963259681945,-1.3434137968043875,-0.0002,1.380225447478565,1.5117172584710037,0.014926062186880314
2023-01-31,2023-01-30,4076.6,4024.715469949039,0.01453628532231832,0.0017271953307559534,0.0006807704060543385,-0.0011635659397723724,ENTER,1.0,-0.9600309450974653,-1.1447043876533165,-0.5204184141685785,0.9600309450974653,0.01433628532231832,1.3997246285747633,1.533545764394884,0.012809089991562368
2023-02-01,2023-01-31,4119.21,4064.3487480872277,0.010398089735209837,-0.0030097870752811414,0.0006813336616125354,-0.0011607265728564534,EXIT,0.0,1.0950269185130865,2.0550578636105516,3.199762251263868,-1.0950269185130865,-0.0002,1.414355023125018,1.5332390859108758,0.013407876810490979
2023-02-06,2023-02-03,4111.08,4139.393884512803,-0.006159416919169658,0.0007041877809829426,0.0006792308276212196,-0.0011793526777616973,ENTER,1.0,-0.7827429423217944,-1.884277075541843,-2.1998942783640594,0.7827429423217944,-0.006359416919169658,1.4115635397245583,1.5235195174774652,-0.0068636047001526005
2023-02-08,2023-02-07,4117.86,4149.487156232189,-0.011142539811004326,-0.0034914009578794827,0.0006806837513530775,-0.001172836871611084,EXIT,0.0,0.9779015570154419,1.440278471711776,1.1199124440863157,-0.9779015570154419,-0.0002,1.4138914926710668,1.542822472584398,-0.007651138853124843
2023-02-17,2023-02-16,4079.09,4095.1338114220666,-0.002771285205906082,0.0011541840237598174,0.0006652192451590496,-0.0011852120464265186,ENTER,1.0,-1.2276562929029926,-1.4757431289701388,-1.748932232829956,1.2276562929029926,-0.0029712852059060823,1.4005795847453832,1.5382451106877277,-0.0039254692296659
2023-02-24,2023-02-23,3970.04,4005.9412442648636,-0.010593457421727237,-0.001591057434136773,0.0006741020539565028,-0.0011742331157862155,EXIT,0.0,0.4629001532292826,0.6003054888541207,-1.0248957000529888,-0.4629001532292826,-0.0002,1.3631366247429122,1.512763228960501,-0.009002399987590464
2023-02-27,2023-02-24,3982.24,3973.1407244211982,0.003068304831167268,0.000780726181683095,0.0006706303780760465,-0.0011802835072117848,ENTER,1.0,-0.930369671725005,-1.3932698249542876,-1.9935753138084085,0.930369671725005,0.0028683048311672677,1.3673255666230593,1.5171085238746145,0.002287578649484173
2023-03-03,2023-03-02,4045.64,3975.195313119053,0.016018800257414867,-0.0015470754872401323,0.0006619725654088506,-0.0011666737693419025,EXIT,0.0,0.7033180876019508,1.146405225613627,1.304671595803566,-0.7033180876019508,-0.0002,1.389094330164158,1.5164661382334157,0.017565875744655
2023-03-08,2023-03-07,3992.01,3993.9947291900503,0.0014138210863556822,0.0019108729409977314,0.0006512621135389657,-0.0011760947746863905,ENTER,1.0,-1.4422720465166738,-1.507604659618461,-0.074425698148195,1.4422720465166738,0.001213821086355682,1.3706801536860964,1.5183079744124028,-0.0004970518546420493
2023-03-15,2023-03-14,3891.93,3909.064279709178,-0.00700533639823675,-0.0026124842441705215,0.0006663014717424493,-0.0011597624837580878,EXIT,0.0,1.4800486593336417,1.6193528559193462,0.4199110353831452,-1.4800486593336417,-0.0002,1.3363170960332078,1.4903517882441266,-0.004392852154066229
2023-03-20,2023-03-17,3951.57,3926.458250212821,0.008878824909595906,0.0025036675630681184,0.0006515855844120626,-0.0011594411207252993,ENTER,1.0,-1.0306701055633822,-2.6551294173437823,-4.941349403136518,1.0306701055633822,0.008678824909595905,1.35679484142108,1.5033425813364003,0.006375157346527788
2023-04-14,2023-04-13,4137.64,4139.5672024072355,-0.002071498810490624,-0.0016058339080839777,0.0006766935541350105,-0.0010826166222976793,EXIT,0.0,1.2882780900404296,1.6985708592470012,2.104763939347832,-1.2882780900404296,-0.0002,1.420683072211178,1.5770801388887359,-0.00046566490240664634
2023-04-26,2023-04-25,4055.99,4076.838612771175,-0.0038486098771102206,0.0012784275740879366,0.0006514238489755141,-0.0010735003563495885,ENTER,1.0,-1.638729183409109,-1.7283139738456001,-1.723862080032056,1.638729183409109,-0.00404860987711022,1.392648063644449,1.5707080643871678,-0.005127037451198157
2023-04-28,2023-04-27,4169.48,4129.093941431181,0.008219359612569477,-0.0015139699193598697,0.0006519090552851596,-0.001068187078028765,EXIT,0.0,1.991524290366281,2.3929457090207515,1.1556379442661129,-1.991524290366281,-0.0002,1.4316155238065797,1.6011204757518025,0.009733329531929347
2023-05-02,2023-05-01,4119.58,4170.979789230925,-0.01165389752800472,0.0007458557124045164,0.0006507769072293201,-0.0010716062709625503,ENTER,1.0,-0.04061343332530302,-0.8883841371084881,0.25536944947460805,0.04061343332530302,-0.01185389752800472,1.414482064804991,1.5822530051632586,-0.012399753240409235
2023-05-08,2023-05-05,4138.12,4130.522794801328,0.0004519981658628325,-0.0013855965942519955,0.0006673836983258476,-0.001052507988723149,EXIT,0.0,1.900525076181549,2.668345326707174,2.700309166226445,-1.900525076181549,-0.0002,1.4208478830392477,1.5883379385012935,0.001837594760114828
2023-05-10,2023-05-09,4137.64,4123.762481548726,0.004473890233027689,0.0011142835475567434,0.0006522325261582565,-0.001056404391680662,ENTER,1.0,-0.47926938545667375,-0.5265476876530191,1.3266990863321846,0.47926938545667375,0.004273890233027689,1.420683072211178,1.5951408475915236,0.003359606685470945
2023-06-16,2023-06-15,4409.59,4419.779599782246,-0.0036783763376515566,-0.00137026040915455,0.0006737864409742225,-0.0009972580407882586,EXIT,0.0,1.5441955594303254,1.4399523432252668,2.209015010004001,-1.5441955594303254,-0.0002,1.514058706990381,1.705906348173847,-0.0023081159284970066
2023-08-08,2023-08-07,4499.38,4522.039588015125,-0.004227192022497661,0.000796326825430175,0.0005927193639776797,-0.0009629759181340547,ENTER,1.0,1.3596850700684797,2.171552297640549,2.5929416506893403,-1.3596850700684797,-0.004427192022497661,1.5448886325164894,1.698370666461359,-0.005023518847927836
2023-11-15,2023-11-14,4502.88,4488.33525181737,0.0015958076771482865,-0.0016395193531455413,0.0006740458049239381,-0.0008012393423244938,EXIT,0.0,2.1512136216377193,2.249746767392314,4.174642188892256,-2.1512136216377193,-0.0002,1.546090378137844,1.6966422229076923,0.003235327030293828
2024-01-10,2024-01-09,4783.45,4761.050999462169,0.005649939819610594,0.0009563384129555831,0.0006206556899094435,-0.0007619052985567592,ENTER,1.0,-0.19314594722930828,-2.010208255118206,-3.585502307521951,0.19314594722930828,0.005449939819610595,1.642425740704496,1.7059140634552314,0.004693601406655011
2024-02-14,2024-02-13,5000.62,4947.715585876009,0.009534129096895327,-0.0011018033949535305,0.0006413083605347295,-0.0006942936848540939,EXIT,0.0,-2.2078923974153883,-2.0470114641414336,-0.9751645859584197,2.2078923974153883,-0.0002,1.7169923397300522,1.7660877806174615,0.010635932491848858
2024-04-08,2024-04-05,5202.39,5208.00410135209,-0.00037475749305038164,0.000703799541711381,0.0005871638773954783,-0.000653555415009805,ENTER,1.0,1.5774114052490076,3.377612264858538,5.337055399979958,-1.5774114052490076,-0.0005747574930503816,1.7862712580216515,1.7650730000864596,-0.0010785570347617626
2024-07-18,2024-07-17,5544.59,5583.873933815368,-0.00784708046968241,-0.0007869691685958455,0.0005391714525692141,-0.0005203277563609167,EXIT,0.0,-2.3474672208831353,-3.4508586195792645,-4.065111743399285,2.3474672208831353,-0.0002,1.9037676442008913,1.8956156594479199,-0.0070601113010865645
2024-07-23,2024-07-22,5555.74,5569.291583434326,-0.0015593317997986134,0.0008769022073305031,0.0005382691812743541,-0.0005201592393061174,ENTER,1.0,1.7557860732684925,2.9510343221707336,2.8471290950233787,-1.7557860732684925,-0.0017593317997986135,1.9075960623946329,1.8922835745190136,-0.0024362340071291165
2024-08-07,2024-08-06,5199.5,5232.509507968573,-0.007764756389251559,-0.0014362310724063568,0.0005351732455047168,-0.00045623480198060695,EXIT,0.0,1.2333539277182024,4.912355653269184,6.0296433862298215,-1.2333539277182024,-0.0002,1.7852789594943046,1.7843959171498849,-0.006328525316845203
2024-08-23,2024-08-22,5634.61,5573.942979720231,0.011417986208501318,0.0005927507243564396,0.0005243213533420894,-0.0004664842318373443,ENTER,1.0,-0.9611806892555724,-1.418702888223666,-2.090518477684316,0.9611806892555724,0.011217986208501318,1.934676541582113,1.8045259440190444,0.01082523548414488
2024-08-26,2024-08-23,5616.84,5629.597077818194,-0.0031587066155740473,-0.000890062208216859,0.0005263331419643242,-0.0004609001356446556,EXIT,0.0,1.2184473985671174,2.1796280878226897,3.5983309760463555,-1.2184473985671174,-0.0002,1.9285751073845545,1.8041650749183535,-0.002268644407357188
2024-09-04,2024-09-03,5520.07,5536.515234475604,-0.0016037653903602234,0.001370977037608427,0.0005207656065074218,-0.00045930467958960226,ENTER,1.0,-2.193591733779651,-3.2720009240540007,-4.3546205251437,2.193591733779651,-0.0018037653903602235,1.8953485577335745,1.8009137176221437,-0.0029747424279686504
2024-09-10,2024-09-09,5495.52,5464.575566845588,0.004462660724490419,-0.0011840994136668188,0.0005215555418159899,-0.0004505517901850104,EXIT,0.0,1.1436067930343599,2.8817324689453105,4.309975688646223,-1.1436067930343599,-0.0002,1.8869191705895079,1.7845640751009173,0.005646760138157238
2024-09-17,2024-09-16,5634.58,5637.1063065576145,0.00026447349073777104,0.0007127305715688868,0.0005203379223975431,-0.00045138017676286127,ENTER,1.0,0.12340997953436854,-0.4061941493541727,-0.20126877563119866,-0.12340997953436854,6.447349073777103e-05,1.9346662409053619,1.7846791358854297,-0.00044825708083111575
2024-09-20,2024-09-19,5702.55,5705.430802041023,-0.001942855451501302,-0.0014378051446601071,0.0005218188535855127,-0.000441229026297857,EXIT,0.0,1.6218417179900646,1.9069987391898209,2.2181535123433904,-1.6218417179900646,-0.0002,1.9580041408720552,1.8093584435871903,-0.0005050503068411948
2024-10-02,2024-10-01,5709.54,5713.033547761319,0.00013837448536691,0.0007500663874838581,0.0005122672757592975,-0.00044278227340286455,ENTER,1.0,-0.8993068250289318,-1.3082581024411573,-1.8384121563420996,0.8993068250289318,-6.162551463309002e-05,1.9604041985558438,1.8092469443775818,-0.0006116919021169481
2024-10-07,2024-10-04,5695.94,5746.116555528877,-0.009632284107421896,-0.0008616794645698733,0.0005117925318394012,-0.00043453016240319346,EXIT,0.0,0.8642999597844164,1.0270405587850961,1.2030650591769487,-0.8642999597844164,-0.0002,1.9557345584271535,1.8220425833473357,-0.008770604642852023
2024-10-08,2024-10-07,5751.13,5702.081728237112,0.00964271689419327,0.0010776832994299611,0.0005106776757502296,-0.00043965282302852414,ENTER,1.0,-0.9268492630476919,-1.7911492228321082,-2.818189781617204,0.9268492630476919,0.00944271689419327,1.9746843700964483,1.8393291030411139,0.00856503359476331
2024-10-09,2024-10-08,5792.04,5748.300024187911,0.007088203896394418,-0.0004921941110591046,0.0005146409953587814,-0.0004368944673071924,EXIT,0.0,0.9220114680360617,1.8488607310837537,3.640009953915862,-0.9220114680360617,-0.0002,1.9887310596306176,1.8389612740046355,0.0075803980074535225
2024-10-11,2024-10-10,5815.03,5785.575920505963,0.006033611862784838,0.0009555766310327997,0.000510644602100354,-0.00043925877221119135,ENTER,1.0,-0.2011933102566392,-0.8784681811590119,-0.6337315840253229,0.2011933102566392,0.005833611862784838,1.9966248115834537,1.8497204121136976,0.005078035231752038
2024-11-07,2024-11-06,5973.1,5925.86117983136,0.007403744412988189,-0.0005362879363744735,0.0005295265875367258,-0.0004170383401069768,EXIT,0.0,3.048313488704961,1.4963032353587904,-0.42022833753582,-3.048313488704961,-0.0002,2.050899077402718,1.8856090369788059,0.007940032349362663
2024-12-27,2024-12-26,5970.84,6041.943256271296,-0.011117304675595463,0.0007207656732097469,0.0005050927629463514,-0.00038839825784475654,ENTER,1.0,-0.052024423182490794,-1.4404975137436706,-1.8992039759830195,0.052024423182490794,-0.011317304675595464,2.0501230930872167,1.8643893264598057,-0.01183807034880521
2025-03-03,2025-02-28,5849.72,5949.691422853761,-0.01775343937549323,-0.0008078797184900293,0.0005075115081052327,-0.00032969546152725974,EXIT,0.0,1.810385097562337,3.6986337771292757,5.603405455372904,-1.810385097562337,-0.0002,2.0085358274705323,1.8589153561594942,-0.0169455596570032
2025-03-04,2025-03-03,5778.15,5855.586839041219,-0.01231023460336722,0.0010024238771643942,0.0005072590558354985,-0.00033030594336317423,ENTER,1.0,-1.9790978168565638,-3.789482914418901,-7.488116691548177,1.9790978168565638,-0.012510234603367221,1.9839618462933006,1.8358047499106707,-0.013312658480531614
2025-03-06,2025-03-05,5738.52,5836.822722730728,-0.017979700568309553,-0.000994443470205949,0.0005074754434952706,-0.0003296743628874354,EXIT,0.0,1.2083639397151036,2.5616348778725335,1.9358079991733994,-1.2083639397151036,-0.0002,1.970354652300657,1.8559197900528106,-0.016985257098103605
2025-03-07,2025-03-06,5770.2,5744.825099514625,0.005505404600508967,0.0010981295247314278,0.0005072229912255364,-0.0003301167449642509,ENTER,1.0,-1.9024476506497483,-3.110811590364852,-5.672446468237386,1.9024476506497483,0.005305404600508968,1.9812321669533692,1.865792361280348,0.004407275075777539
2025-03-10,2025-03-07,5614.56,5765.830802809471,-0.027343518375984033,-0.0007574871243202555,0.0005076918311550428,-0.0003298009547263815,EXIT,0.0,0.5808985479770817,2.48334619862683,5.594157788991682,-0.5808985479770817,-0.0002,1.9277922559512173,1.8654192401214515,-0.026586031251663776
2025-03-11,2025-03-10,5572.07,5625.488502789692,-0.007596604935653062,0.0019445656717004402,0.0005074393788853086,-0.0003312519353577906,ENTER,1.0,-2.719747941644344,-3.300646489621426,-5.783992688248256,2.719747941644344,-0.0077966049356530615,1.9132030641079767,1.8509318528713794,-0.009541170607353502
2025-03-13,2025-03-12,5521.52,5592.788772537454,-0.013988405225353162,-0.0011635411994074998,0.0005076557665450808,-0.00032977985608655715,EXIT,0.0,0.4854747386361769,1.238748290644201,-0.7277260989921188,-0.4854747386361769,-0.0002,1.8958464237767085,1.859605164059785,-0.012824864025945662
2025-03-14,2025-03-13,5638.94,5525.361433551403,0.02104291988140794,0.000695478398921548,0.0005074033142753467,-0.00033106273695886727,ENTER,1.0,-1.3767849842513664,-1.8622597228875433,-3.1010080135317444,1.3767849842513664,0.02084291988140794,1.9361632725936746,1.8987715181950933,0.020347441482486392
2025-03-17,2025-03-14,5675.12,5623.607796732086,0.006395603934347349,-0.0027226899305824817,0.0005078721542048529,-0.00032990644792550326,EXIT,0.0,1.9910388286570815,3.3678238129084477,5.230083535795991,-1.9910388286570815,-0.0002,1.9485858887595566,1.898391801864353,0.00911829386492983
2025-03-19,2025-03-18,5675.29,5619.663632486735,0.010740629118979328,0.0008907759792718211,0.0005073672496653845,-0.00033544009143427774,ENTER,1.0,-1.0046199471357997,-1.6082710439004924,-0.22088331200810352,1.0046199471357997,0.010540629118979327,1.948644259261168,1.918507877567836,0.009849853139707506
2025-03-20,2025-03-19,5662.89,5668.960336974027,-0.002187300773803358,-0.0011159245423555222,0.0005078360895948909,-0.0003333331177459467,EXIT,0.0,1.065140096755645,2.0697600438914447,3.678031087791937,-1.065140096755645,-0.0002,1.9443866462026564,1.9181242143599222,-0.0010713762314478357
2025-03-21,2025-03-20,5667.56,5668.852024608629,0.0008243274123156397,0.0010522698356198116,0.0005075836373251568,-0.0003375143837028594,ENTER,1.0,-0.2168677228823876,-1.2820078196380327,-3.3517678635294774,0.2168677228823876,0.0006243274123156397,1.9459901182174315,1.9193221257927353,-0.00022794242330417195
2025-03-25,2025-03-24,5776.65,5765.2698250157555,0.0015730819184724965,-0.00039889134846979687,0.0005092269388837536,-0.00033314391934702336,EXIT,0.0,1.7148106942480188,1.6321825487555264,1.3326866803806463,-1.7148106942480188,-0.0002,1.9834468124555766,1.9527999649756753,0.0019719732669422935
2025-03-26,2025-03-25,5712.2,5783.904717311638,-0.01121969145510704,0.00125508134191777,0.000508683936502426,-0.0003371686683247624,ENTER,1.0,0.15588164280389413,-1.5589290514441247,-3.191111600199651,-0.15588164280389413,-0.01141969145510704,1.961317525228075,1.9306264402764384,-0.01247477279702481
2025-04-10,2025-04-09,5268.05,5366.876657340638,-0.035220587845119056,-0.016634751695330734,0.0005245665481859457,-0.00032848322277044084,EXIT,0.0,4.871107354309566,5.983013758735358,6.930862789217491,-4.871107354309566,-0.0002,1.8088160058782519,1.8439705517227634,-0.018585836149788322
2025-04-11,2025-04-10,5363.36,5313.065882572733,0.01793036925211311,0.008508772546269859,0.0005231872951536718,-0.00032923288589631263,ENTER,1.0,-1.837387167290862,-6.708494521600428,-12.691508280335785,1.837387167290862,0.01773036925211311,1.841541255927179,1.8769563919272805,0.009421596705843251
2025-04-14,2025-04-11,5405.97,5355.658568224538,0.007913254093152133,-0.0014369660900668626,0.0005257487650707524,-0.00032902562010883097,EXIT,0.0,0.9355761957305377,2.7729633630213995,9.481457884621827,-0.9355761957305377,-0.0002,1.8561716504774366,1.8765810381855204,0.009350220183218997
2025-04-16,2025-04-15,5275.7,5410.376036272146,-0.02266331270099542,0.0025439133908366617,0.0005229902590062038,-0.00032921340819113207,ENTER,1.0,-0.09031796744576562,-0.5023523621193002,0.021189438937702976,0.09031796744576562,-0.022863312700995418,1.811442678450641,1.8341629360232405,-0.025207226091832083
2025-04-23,2025-04-22,5375.86,5266.101020092065,0.01652384547479535,-0.004104471391754791,0.0005273189859922069,-0.00032701236053089323,EXIT,0.0,1.2558563987572486,2.483460376843693,3.779918900936808,-1.2558563987572486,-0.0002,1.845833204574873,1.8379881111253975,0.02062831686655014
2025-04-28,2025-04-25,5528.75,5529.222684236668,0.0006404944691347225,0.0007259864938400924,0.00052624567448346,-0.0003294276629481183,ENTER,1.0,0.3670127173949057,-0.6365085442810291,-0.8069397310745512,-0.3670127173949057,0.00044049446913472254,1.8983288868745332,1.8387979130662273,-8.549202470536986e-05
2025-05-05,2025-05-02,5650.38,5677.862409617541,-0.0064020400278312906,-0.001550013995893021,0.0005330308054721809,-0.0003273984280936606,EXIT,0.0,0.7276978710674229,0.41365765142440597,0.17355683123416377,-0.7276978710674229,-0.0002,1.9400912639960428,1.8909420411538698,-0.0048520260319382695
2025-05-06,2025-05-05,5606.91,5664.977624764538,-0.007723033885545405,0.0025801452056280136,0.0005318264849998513,-0.00032857362232683923,ENTER,1.0,-0.3186412847699702,-1.0463391558373931,-1.459996807261799,0.3186412847699702,-0.007923033885545406,1.9251655833788284,1.8760192382867635,-0.010303179091173419
2025-05-13,2025-05-12,5886.55,5807.136452841383,0.0072220821737154495,-0.00636042123189122,0.0005383978055407502,-0.000325074973692273,EXIT,0.0,1.5639535126588908,1.5993902567112825,1.9227285330620896,-1.5639535126588908,-0.0002,2.021181624966094,1.9550198467409525,0.013582503405606669
2025-05-22,2025-05-21,5842.01,5862.356087366285,-0.0004449532958030744,0.0030317164714279425,0.0005343162694917023,-0.0003297165601670841,ENTER,1.0,-0.7931500079796835,-0.6026725246412996,-0.3692993381142574,0.7931500079796835,-0.0006449532958030744,2.005888553544633,1.9537593567697105,-0.003476669767231017
2025-05-28,2025-05-27,5888.55,5897.38231141193,-0.0055867628115837675,-0.004087973775306946,0.0005367552324794227,-0.00032929131901185437,EXIT,0.0,0.9883360224768485,1.317900433635262,1.6257692333311233,-0.9883360224768485,-0.0002,2.0218683367497223,1.9799607600842317,-0.0014987890362768213
2025-05-29,2025-05-28,5912.17,5897.430996665361,0.004003150916718212,0.0015070444027929506,0.0005359691560984367,-0.0003295477710484893,ENTER,1.0,-0.27421460962181793,-1.2625506320986664,-2.5804510657339286,0.27421460962181793,0.003803150916718212,2.029978402914405,1.9875051868673106,0.0024961065139252614
2025-05-30,2025-05-29,5911.69,5908.54682657755,-8.119175975807025e-05,-0.0006130209511098928,0.0005374290122345535,-0.00032940818524293774,EXIT,0.0,0.19706471942515646,0.4712793290469744,1.7338299611456407,-0.19706471942515646,-0.0002,2.0298135920863327,1.987107725577391,0.0005318291913518226
2025-06-06,2025-06-05,6000.36,5948.96246551136,0.01022818611570031,0.0016255474956193886,0.0005328879761366783,-0.0003299275465653276,ENTER,1.0,-0.26750885768296145,-0.2712317922937961,0.012343028812801637,0.26750885768296145,0.01002818611570031,2.0602589590136056,2.0071350627775066,0.008602638620080922
2025-06-09,2025-06-06,6005.88,5990.549101807214,0.0009195219134294774,-0.001636389751396713,0.0005347447574982094,-0.00032977985608655715,EXIT,0.0,0.5163274148567553,0.7838362725397168,1.055068064833513,-0.5163274148567553,-0.0002,2.062154283536429,2.0067336759049765,0.0025559116648261903
2025-06-10,2025-06-09,6038.81,6010.299909013312,0.0054679833266551015,0.0007356596266225818,0.0005337449521496929,-0.00033106273695886727,ENTER,1.0,0.04665349372079936,-0.4696739211359559,-1.2535101936756727,-0.04665349372079936,0.005267983326655102,2.0734609930539114,2.0173330094945894,0.00473232370003252
2025-06-17,2025-06-16,5982.72,6027.321941055173,-0.008387318295762114,-0.0009598428012351184,0.000536979825731133,-0.0003293302744222155,EXIT,0.0,0.47851576998140666,1.0607896510908987,1.838866822497563,-0.47851576998140666,-0.0002,2.0542021610819834,2.0150258143443702,-0.007427475494526995
2025-06-18,2025-06-17,5980.87,6000.0645326559015,-0.0003092717177288762,0.0028949105646738516,0.000536193749350147,-0.000329589968328138,ENTER,1.0,-0.4284653919275596,-0.9069811619089663,-1.967770812999865,0.4284653919275596,-0.0005092717177288762,2.053566952682123,2.0139998799484906,-0.003204182282402728
2025-06-24,2025-06-23,6092.18,6021.495777190076,0.011060286796933383,-0.0006099983168474212,0.0005385804307007824,-0.00032917445278077094,EXIT,0.0,0.4920823431876949,0.6041754700846484,0.700371064527183,-0.4920823431876949,-0.0002,2.0917858970000998,2.028511731740627,0.011670285113780803
2025-06-26,2025-06-25,6141.02,6101.555935466775,0.00798815349977744,0.001541111401336993,0.0005381834317634234,-0.00032969546152725974,ENTER,1.0,-0.000170377862812821,-0.5683891790150434,-0.6445256369795791,0.000170377862812821,0.00778815349977744,2.108555398756366,2.0443717725333665,0.006447042098440447
2025-09-03,2025-09-02,6448.26,6413.682749726192,0.005087154738689037,-0.00028953434249509374,0.0005800256455467345,-0.00028200940885456766,EXIT,0.0,-1.1275522191038916,-0.07989184520414372,1.4891818015058547,1.1275522191038916,-0.0002,2.214048062957737,2.1353335429749247,0.005376689081184131
2025-09-04,2025-09-03,6502.08,6453.692589429614,0.008311798740471943,0.0008421345084040936,0.0005796428742433894,-0.0002843470605917904,ENTER,1.0,0.838194393358073,1.9657466124619645,2.045638457666108,-0.838194393358073,0.008111798740471942,2.2325274770552417,2.1527253831057447,0.007469664232067849
2025-09-24,2025-09-23,6637.97,6651.927467104817,-0.0028507212670838555,-0.0007502577727649233,0.0005982091054912753,-0.0002568400451966002,EXIT,0.0,-0.9967122809227544,-1.798818181238315,-1.720927223294293,0.9967122809227544,-0.0002,2.2791861091940415,2.2035494549073755,-0.0021004634943189325
2025-10-09,2025-10-08,6735.11,6759.264276336952,-0.0027593218696981836,0.0008205850809384069,0.0005885597476211712,-0.0002560815344825646,ENTER,1.0,1.0791749845683192,1.7871639037803666,3.174986046384667,-1.0791749845683192,-0.0029593218696981837,2.3125397005249906,2.19703808219034,-0.0035799069506365906
2025-10-13,2025-10-10,6654.72,6543.571389384069,0.01547819498378189,-0.0013650819261447067,0.0005895574709940186,-0.00025524741412338235,EXIT,0.0,-4.213090812380434,-3.7024743212235625,-2.1126828454983717,4.213090812380434,-0.0002,2.284937320381947,2.137045284937486,0.016843276909926597
2025-10-15,2025-10-14,6671.06,6650.476328949679,0.004017918538789189,0.0009276312141139331,0.0005877621074922039,-0.0002556048942773176,ENTER,1.0,-0.23006818295989714,-2.5071490044322275,-8.997320638284991,0.23006818295989714,0.003817918538789189,2.290547755654214,2.1452199449121876,0.003090287324675256
2025-10-31,2025-10-30,6840.2,6817.886260051298,0.0026144494615607528,-0.000653030238951333,0.0005873632874277202,-0.0002521291315222089,EXIT,0.0,-1.495898110929867,-1.4892358595082043,-1.1354493327553015,1.495898110929867,-0.0002,2.348622971195875,2.193428487780547,0.0032674797005120856
2025-11-12,2025-11-11,6850.92,6850.980077589112,0.0006293105606971494,0.0006380797954428258,0.0005781803421931179,-0.00025225201413209145,ENTER,1.0,0.2929326293556884,-1.8665229695534302,-3.841590633103956,-0.2929326293556884,0.00042931056069714943,2.3523037463561334,2.1943703519561377,-8.769234745676399e-06
2025-11-24,2025-11-21,6705.12,6600.488675132323,0.015348836917048914,-0.00037888877001954804,0.0005743703823845128,-0.0002447176049895235,EXIT,0.0,1.2755354120707145,3.3478186454261993,5.934442856374881,-1.2755354120707145,-0.0002,2.3022424573294455,2.114534675479147,0.015727725687068463
2026-01-02,2025-12-31,6858.47,6849.5979830856595,0.0018928827007993476,0.0005984598595834132,0.0005517239530654929,-0.00022963142133904994,ENTER,1.0,-0.8987106425154823,-0.7301410804989288,-0.9901090368102192,0.8987106425154823,0.0016928827007993475,2.3548960833393418,2.1181173663335695,0.0012944228412159345
2026-04-01,2026-03-31,6575.32,6521.5857115432045,0.00714297472893044,-0.0010627176917466096,0.0005581519892969719,-0.0001804925156992622,EXIT,0.0,3.1351341889268896,3.6110069353122407,2.0645691667171393,-3.1351341889268896,-0.0002,2.2576748625718044,2.0158149311265254,0.00820569242067705
2026-04-02,2026-04-01,6582.69,6582.57463185604,0.0011202303039326011,0.0011027041626532298,0.0005577829586920095,-0.00018075497668821266,ENTER,1.0,0.7789186569653099,-2.3562155319615794,-5.96722246727382,-0.7789186569653099,0.0009202303039326012,2.260205395494483,2.0176707988951823,1.752614127937136e-05
2026-04-09,2026-04-08,6824.66,6778.236617489665,0.006151052613166286,-0.0006744881590214223,0.0005628481148708311,-0.00017925834662026812,EXIT,0.0,2.5582115785957686,2.475254992517983,2.8751689800836417,-2.5582115785957686,-0.0002,2.34328722063706,2.0785941385073947,0.006825540772187708
2026-04-10,2026-04-09,6816.89,6829.767374653715,-0.0011391668601081761,0.0007480906744411499,0.0005621117659814716,-0.00018045213708557748,ENTER,1.0,0.6329885225668014,-1.9252230560289672,-4.40047804854695,-0.6329885225668014,-0.0013391668601081762,2.3406193453576565,2.0758124171317514,-0.001887257534549326
2026-04-14,2026-04-13,6967.38,6882.224197117568,0.011714039770858165,-0.0005833334697048227,0.0005643343837467998,-0.00017914502436578998,EXIT,0.0,1.0343096487154826,1.1515581753438378,1.9017952245389944,-1.0343096487154826,-0.0002,2.3922909735169604,2.0965108541756243,0.012297373240562987
2026-05-18,2026-05-15,7403.05,7413.299683316093,-0.0007359122098584692,0.0006476519162873976,0.0005492642036466131,-0.0002029704370390472,ENTER,1.0,-1.3176399482308527,-2.1390170875998926,-2.3309280389793305,1.3176399482308527,-0.0009359122098584692,2.541880834904186,2.0945496219828375,-0.0013835641261458666
2026-05-19,2026-05-18,7353.61,7400.163775428254,-0.0067007283473188295,-0.0003899456769462246,0.0005494761503160929,-0.00020233298826305524,EXIT,0.0,-0.0781589911073867,1.239480957123466,3.378498044723359,0.0781589911073867,-0.0002,2.524905319612832,2.0941307539466405,-0.006310782670372605
2026-06-04,2026-06-03,7584.31,7562.039147511466,0.004046777914474831,0.0011060205977661405,0.0005445775881486581,-0.0001967111152845253,ENTER,1.0,-0.8264928670569662,-0.9714265252268729,-0.8291294756070687,0.8264928670569662,0.0038467779144748305,2.604117523854649,2.102201923927264,0.00294075731670869
2026-06-12,2026-06-11,7431.46,7390.539770315092,0.0050129069696023265,-0.0005086601984734745,0.000548299604418562,-0.00019541823237081784,EXIT,0.0,1.7678621458447976,3.4683196698359797,4.8938387555015,-1.7678621458447976,-0.0002,2.55163557579066,2.0491255149939382,0.005521567168075801
2026-06-15,2026-06-12,7554.29,7440.276325841653,0.01639327371130861,0.0011856486265342794,0.000547336011334518,-0.0001960069035072129,ENTER,1.0,0.5208325374791918,-1.2470296083656058,-4.715349278201586,-0.5208325374791918,0.01619327371130861,2.5938099799823484,2.082577684406476,0.015207625084774329
